Record.ID,e,s,word,eng-acc,spa-acc,cognate,diff,subject
BUBA020,eng,spa,comb,0,1,0,1,subject1
BUBA020,eng,spa,flower,0,1,1,1,subject1
BUBA020,eng,spa,helicopter,0,0,1,2,subject1
BUBA020,eng,spa,broom,0,1,0,2,subject1
BUBA020,eng,spa,octopus,0,1,0,2,subject1
BUBA020,eng,spa,mushroom,0,0,0,2,subject1
BUBA020,eng,spa,hanger,0,0,0,2,subject1
BUBA020,eng,spa,wheelchair,0,1,0,2,subject1
BUBA020,eng,spa,camel,0,0,1,2,subject1
BUBA020,eng,spa,mask,0,0,1,2,subject1
BUBA020,eng,spa,racquet,0,0,1,3,subject1
BUBA020,eng,spa,snail,0,0,0,3,subject1
BUBA020,eng,spa,volcano,0,1,1,3,subject1
BUBA020,eng,spa,seahorse,0,0,0,3,subject1
BUBA020,eng,spa,dart,0,0,1,3,subject1
BUBA020,eng,spa,canoe,0,1,1,3,subject1
BUBA020,eng,spa,wreath,0,0,0,3,subject1
BUBA020,eng,spa,beaver,0,0,0,3,subject1
BUBA020,eng,spa,harmonica,0,0,1,3,subject1
BUBA020,eng,spa,rhinoceros,0,0,1,4,subject1
BUBA020,eng,spa,acorn,0,0,0,4,subject1
BUBA020,eng,spa,igloo,0,0,1,4,subject1
BUBA020,eng,spa,stilts,0,0,0,4,subject1
BUBA020,eng,spa,dominos,0,0,1,4,subject1
BUBA020,eng,spa,harp,0,0,1,4,subject1
BUBA020,eng,spa,hammock,0,1,1,4,subject1
BUBA020,eng,spa,knocker,0,0,0,4,subject1
BUBA020,eng,spa,pyramid,0,0,1,5,subject1
BUBA020,eng,spa,muzzle,0,1,0,5,subject1
BUBA020,eng,spa,unicorn,0,0,1,5,subject1
BUBA020,eng,spa,funnel,0,0,0,5,subject1
BUBA020,eng,spa,accordion,0,0,1,5,subject1
BUBA020,eng,spa,noose,0,0,0,5,subject1
BUBA020,eng,spa,asparagus,0,0,1,5,subject1
BUBA020,eng,spa,compass,0,0,1,5,subject1
BUBA020,eng,spa,latch,0,0,0,6,subject1
BUBA020,eng,spa,tripod,0,0,1,6,subject1
BUBA020,eng,spa,scroll,0,0,0,6,subject1
BUBA020,eng,spa,tongs,0,0,0,6,subject1
BUBA020,eng,spa,sphinx,0,0,1,6,subject1
BUBA020,eng,spa,yoke,0,0,0,6,subject1
BUBA020,eng,spa,trellis,0,0,0,6,subject1
BUBA020,eng,spa,protractor,0,0,0,6,subject1
BUBA020,eng,spa,abacus,0,0,1,6,subject1
BUBA024,eng,spa,comb,1,1,0,1,subject2
BUBA024,eng,spa,flower,1,1,1,1,subject2
BUBA024,eng,spa,helicopter,1,1,1,2,subject2
BUBA024,eng,spa,broom,1,0,0,2,subject2
BUBA024,eng,spa,octopus,1,0,0,2,subject2
BUBA024,eng,spa,mushroom,1,1,0,2,subject2
BUBA024,eng,spa,hanger,1,1,0,2,subject2
BUBA024,eng,spa,wheelchair,1,0,0,2,subject2
BUBA024,eng,spa,camel,1,1,1,2,subject2
BUBA024,eng,spa,mask,0,1,1,2,subject2
BUBA024,eng,spa,racquet,1,0,1,3,subject2
BUBA024,eng,spa,snail,0,1,0,3,subject2
BUBA024,eng,spa,volcano,1,1,1,3,subject2
BUBA024,eng,spa,seahorse,0,0,0,3,subject2
BUBA024,eng,spa,dart,0,0,1,3,subject2
BUBA024,eng,spa,canoe,0,0,1,3,subject2
BUBA024,eng,spa,wreath,0,0,0,3,subject2
BUBA024,eng,spa,beaver,0,0,0,3,subject2
BUBA024,eng,spa,harmonica,1,1,1,3,subject2
BUBA024,eng,spa,rhinoceros,0,1,1,4,subject2
BUBA024,eng,spa,acorn,0,0,0,4,subject2
BUBA024,eng,spa,igloo,1,1,1,4,subject2
BUBA024,eng,spa,stilts,0,0,0,4,subject2
BUBA024,eng,spa,dominos,1,0,1,4,subject2
BUBA024,eng,spa,harp,0,0,1,4,subject2
BUBA024,eng,spa,hammock,0,1,1,4,subject2
BUBA024,eng,spa,knocker,0,0,0,4,subject2
BUBA024,eng,spa,pyramid,0,1,1,5,subject2
BUBA024,eng,spa,muzzle,0,0,0,5,subject2
BUBA024,eng,spa,unicorn,0,1,1,5,subject2
BUBA024,eng,spa,funnel,1,0,0,5,subject2
BUBA024,eng,spa,accordion,0,0,1,5,subject2
BUBA024,eng,spa,noose,0,0,0,5,subject2
BUBA024,eng,spa,asparagus,1,1,1,5,subject2
BUBA024,eng,spa,compass,0,0,1,5,subject2
BUBA024,eng,spa,latch,0,0,0,6,subject2
BUBA024,eng,spa,tripod,0,0,1,6,subject2
BUBA024,eng,spa,scroll,0,0,0,6,subject2
BUBA024,eng,spa,tongs,0,0,0,6,subject2
BUBA024,eng,spa,sphinx,0,0,1,6,subject2
BUBA024,eng,spa,yoke,0,0,0,6,subject2
BUBA024,eng,spa,trellis,0,0,0,6,subject2
BUBA024,eng,spa,protractor,0,0,0,6,subject2
BUBA024,eng,spa,abacus,0,0,1,6,subject2
BUBA046,eng,spa,comb,0,0,0,1,subject3
BUBA046,eng,spa,flower,0,0,1,1,subject3
BUBA046,eng,spa,helicopter,0,0,1,2,subject3
BUBA046,eng,spa,broom,0,0,0,2,subject3
BUBA046,eng,spa,octopus,0,0,0,2,subject3
BUBA046,eng,spa,mushroom,0,0,0,2,subject3
BUBA046,eng,spa,hanger,0,0,0,2,subject3
BUBA046,eng,spa,wheelchair,0,0,0,2,subject3
BUBA046,eng,spa,camel,0,0,1,2,subject3
BUBA046,eng,spa,mask,0,0,1,2,subject3
BUBA046,eng,spa,racquet,0,0,1,3,subject3
BUBA046,eng,spa,snail,0,0,0,3,subject3
BUBA046,eng,spa,volcano,0,0,1,3,subject3
BUBA046,eng,spa,seahorse,0,0,0,3,subject3
BUBA046,eng,spa,dart,0,0,1,3,subject3
BUBA046,eng,spa,canoe,0,0,1,3,subject3
BUBA046,eng,spa,wreath,0,0,0,3,subject3
BUBA046,eng,spa,beaver,0,0,0,3,subject3
BUBA046,eng,spa,harmonica,0,0,1,3,subject3
BUBA046,eng,spa,rhinoceros,0,0,1,4,subject3
BUBA046,eng,spa,acorn,0,0,0,4,subject3
BUBA046,eng,spa,igloo,0,0,1,4,subject3
BUBA046,eng,spa,stilts,0,0,0,4,subject3
BUBA046,eng,spa,dominos,0,0,1,4,subject3
BUBA046,eng,spa,harp,0,0,1,4,subject3
BUBA046,eng,spa,hammock,0,0,1,4,subject3
BUBA046,eng,spa,knocker,0,NA,0,4,subject3
BUBA046,eng,spa,pyramid,0,0,1,5,subject3
BUBA046,eng,spa,muzzle,0,0,0,5,subject3
BUBA046,eng,spa,unicorn,0,0,1,5,subject3
BUBA046,eng,spa,funnel,0,0,0,5,subject3
BUBA046,eng,spa,accordion,0,0,1,5,subject3
BUBA046,eng,spa,noose,0,0,0,5,subject3
BUBA046,eng,spa,asparagus,0,0,1,5,subject3
BUBA046,eng,spa,compass,0,0,1,5,subject3
BUBA046,eng,spa,latch,0,0,0,6,subject3
BUBA046,eng,spa,tripod,0,0,1,6,subject3
BUBA046,eng,spa,scroll,0,0,0,6,subject3
BUBA046,eng,spa,tongs,0,0,0,6,subject3
BUBA046,eng,spa,sphinx,0,0,1,6,subject3
BUBA046,eng,spa,yoke,0,0,0,6,subject3
BUBA046,eng,spa,trellis,0,0,0,6,subject3
BUBA046,eng,spa,protractor,0,0,0,6,subject3
BUBA046,eng,spa,abacus,0,0,1,6,subject3
BUBA061,eng,spa,comb,1,1,0,1,subject4
BUBA061,eng,spa,flower,1,1,1,1,subject4
BUBA061,eng,spa,helicopter,1,1,1,2,subject4
BUBA061,eng,spa,broom,1,0,0,2,subject4
BUBA061,eng,spa,octopus,1,0,0,2,subject4
BUBA061,eng,spa,mushroom,1,1,0,2,subject4
BUBA061,eng,spa,hanger,1,1,0,2,subject4
BUBA061,eng,spa,wheelchair,1,1,0,2,subject4
BUBA061,eng,spa,camel,1,1,1,2,subject4
BUBA061,eng,spa,mask,1,1,1,2,subject4
BUBA061,eng,spa,racquet,1,1,1,3,subject4
BUBA061,eng,spa,snail,1,0,0,3,subject4
BUBA061,eng,spa,volcano,1,1,1,3,subject4
BUBA061,eng,spa,seahorse,1,0,0,3,subject4
BUBA061,eng,spa,dart,1,1,1,3,subject4
BUBA061,eng,spa,canoe,1,0,1,3,subject4
BUBA061,eng,spa,wreath,1,0,0,3,subject4
BUBA061,eng,spa,beaver,1,0,0,3,subject4
BUBA061,eng,spa,harmonica,1,1,1,3,subject4
BUBA061,eng,spa,rhinoceros,1,0,1,4,subject4
BUBA061,eng,spa,acorn,0,0,0,4,subject4
BUBA061,eng,spa,igloo,1,1,1,4,subject4
BUBA061,eng,spa,stilts,1,0,0,4,subject4
BUBA061,eng,spa,dominos,1,1,1,4,subject4
BUBA061,eng,spa,harp,1,1,1,4,subject4
BUBA061,eng,spa,hammock,1,0,1,4,subject4
BUBA061,eng,spa,knocker,1,0,0,4,subject4
BUBA061,eng,spa,pyramid,1,0,1,5,subject4
BUBA061,eng,spa,muzzle,0,0,0,5,subject4
BUBA061,eng,spa,unicorn,1,1,1,5,subject4
BUBA061,eng,spa,funnel,0,0,0,5,subject4
BUBA061,eng,spa,accordion,0,1,1,5,subject4
BUBA061,eng,spa,noose,1,0,0,5,subject4
BUBA061,eng,spa,asparagus,1,1,1,5,subject4
BUBA061,eng,spa,compass,0,0,1,5,subject4
BUBA061,eng,spa,latch,0,0,0,6,subject4
BUBA061,eng,spa,tripod,0,0,1,6,subject4
BUBA061,eng,spa,scroll,0,0,0,6,subject4
BUBA061,eng,spa,tongs,0,0,0,6,subject4
BUBA061,eng,spa,sphinx,1,0,1,6,subject4
BUBA061,eng,spa,yoke,0,0,0,6,subject4
BUBA061,eng,spa,trellis,0,0,0,6,subject4
BUBA061,eng,spa,protractor,0,0,0,6,subject4
BUBA061,eng,spa,abacus,1,1,1,6,subject4
BUBA066,eng,spa,comb,1,0,0,1,subject5
BUBA066,eng,spa,flower,1,0,1,1,subject5
BUBA066,eng,spa,helicopter,1,0,1,2,subject5
BUBA066,eng,spa,broom,1,0,0,2,subject5
BUBA066,eng,spa,octopus,1,0,0,2,subject5
BUBA066,eng,spa,mushroom,0,0,0,2,subject5
BUBA066,eng,spa,hanger,0,0,0,2,subject5
BUBA066,eng,spa,wheelchair,0,0,0,2,subject5
BUBA066,eng,spa,camel,1,0,1,2,subject5
BUBA066,eng,spa,mask,0,0,1,2,subject5
BUBA066,eng,spa,racquet,0,0,1,3,subject5
BUBA066,eng,spa,snail,0,0,0,3,subject5
BUBA066,eng,spa,volcano,1,0,1,3,subject5
BUBA066,eng,spa,seahorse,0,0,0,3,subject5
BUBA066,eng,spa,dart,1,0,1,3,subject5
BUBA066,eng,spa,canoe,0,0,1,3,subject5
BUBA066,eng,spa,wreath,0,0,0,3,subject5
BUBA066,eng,spa,beaver,1,0,0,3,subject5
BUBA066,eng,spa,harmonica,0,0,1,3,subject5
BUBA066,eng,spa,rhinoceros,0,0,1,4,subject5
BUBA066,eng,spa,acorn,0,0,0,4,subject5
BUBA066,eng,spa,igloo,0,0,1,4,subject5
BUBA066,eng,spa,stilts,0,0,0,4,subject5
BUBA066,eng,spa,dominos,0,1,1,4,subject5
BUBA066,eng,spa,harp,0,0,1,4,subject5
BUBA066,eng,spa,hammock,1,0,1,4,subject5
BUBA066,eng,spa,knocker,0,0,0,4,subject5
BUBA066,eng,spa,pyramid,0,0,1,5,subject5
BUBA066,eng,spa,muzzle,0,0,0,5,subject5
BUBA066,eng,spa,unicorn,0,0,1,5,subject5
BUBA066,eng,spa,funnel,0,0,0,5,subject5
BUBA066,eng,spa,accordion,0,0,1,5,subject5
BUBA066,eng,spa,noose,0,0,0,5,subject5
BUBA066,eng,spa,asparagus,0,0,1,5,subject5
BUBA066,eng,spa,compass,0,0,1,5,subject5
BUBA066,eng,spa,latch,0,0,0,6,subject5
BUBA066,eng,spa,tripod,0,0,1,6,subject5
BUBA066,eng,spa,scroll,0,0,0,6,subject5
BUBA066,eng,spa,tongs,0,0,0,6,subject5
BUBA066,eng,spa,sphinx,0,0,1,6,subject5
BUBA066,eng,spa,yoke,0,0,0,6,subject5
BUBA066,eng,spa,trellis,0,0,0,6,subject5
BUBA066,eng,spa,protractor,0,0,0,6,subject5
BUBA066,eng,spa,abacus,0,0,1,6,subject5
BUBA072,eng,spa,comb,1,0,0,1,subject6
BUBA072,eng,spa,flower,1,1,1,1,subject6
BUBA072,eng,spa,helicopter,0,1,1,2,subject6
BUBA072,eng,spa,broom,1,1,0,2,subject6
BUBA072,eng,spa,octopus,1,1,0,2,subject6
BUBA072,eng,spa,mushroom,0,1,0,2,subject6
BUBA072,eng,spa,hanger,1,1,0,2,subject6
BUBA072,eng,spa,wheelchair,1,1,0,2,subject6
BUBA072,eng,spa,camel,1,1,1,2,subject6
BUBA072,eng,spa,mask,1,1,1,2,subject6
BUBA072,eng,spa,racquet,1,1,1,3,subject6
BUBA072,eng,spa,snail,0,0,0,3,subject6
BUBA072,eng,spa,volcano,0,1,1,3,subject6
BUBA072,eng,spa,seahorse,1,1,0,3,subject6
BUBA072,eng,spa,dart,0,0,1,3,subject6
BUBA072,eng,spa,canoe,1,1,1,3,subject6
BUBA072,eng,spa,wreath,0,0,0,3,subject6
BUBA072,eng,spa,beaver,0,1,0,3,subject6
BUBA072,eng,spa,harmonica,0,1,1,3,subject6
BUBA072,eng,spa,rhinoceros,0,1,1,4,subject6
BUBA072,eng,spa,acorn,0,0,0,4,subject6
BUBA072,eng,spa,igloo,1,1,1,4,subject6
BUBA072,eng,spa,stilts,0,0,0,4,subject6
BUBA072,eng,spa,dominos,0,0,1,4,subject6
BUBA072,eng,spa,harp,1,1,1,4,subject6
BUBA072,eng,spa,hammock,0,0,1,4,subject6
BUBA072,eng,spa,knocker,0,0,0,4,subject6
BUBA072,eng,spa,pyramid,1,0,1,5,subject6
BUBA072,eng,spa,muzzle,0,0,0,5,subject6
BUBA072,eng,spa,unicorn,0,0,1,5,subject6
BUBA072,eng,spa,funnel,0,1,0,5,subject6
BUBA072,eng,spa,accordion,0,1,1,5,subject6
BUBA072,eng,spa,noose,0,0,0,5,subject6
BUBA072,eng,spa,asparagus,0,0,1,5,subject6
BUBA072,eng,spa,compass,0,1,1,5,subject6
BUBA072,eng,spa,latch,0,0,0,6,subject6
BUBA072,eng,spa,tripod,0,1,1,6,subject6
BUBA072,eng,spa,scroll,0,0,0,6,subject6
BUBA072,eng,spa,tongs,0,0,0,6,subject6
BUBA072,eng,spa,sphinx,0,0,1,6,subject6
BUBA072,eng,spa,yoke,0,0,0,6,subject6
BUBA072,eng,spa,trellis,0,0,0,6,subject6
BUBA072,eng,spa,protractor,0,0,0,6,subject6
BUBA072,eng,spa,abacus,0,0,1,6,subject6
BUBA076,eng,spa,comb,1,1,0,1,subject7
BUBA076,eng,spa,flower,1,1,1,1,subject7
BUBA076,eng,spa,helicopter,0,1,1,2,subject7
BUBA076,eng,spa,broom,0,1,0,2,subject7
BUBA076,eng,spa,octopus,0,1,0,2,subject7
BUBA076,eng,spa,mushroom,0,1,0,2,subject7
BUBA076,eng,spa,hanger,0,1,0,2,subject7
BUBA076,eng,spa,wheelchair,0,1,0,2,subject7
BUBA076,eng,spa,camel,0,1,1,2,subject7
BUBA076,eng,spa,mask,0,1,1,2,subject7
BUBA076,eng,spa,racquet,0,1,1,3,subject7
BUBA076,eng,spa,snail,1,1,0,3,subject7
BUBA076,eng,spa,volcano,0,1,1,3,subject7
BUBA076,eng,spa,seahorse,0,1,0,3,subject7
BUBA076,eng,spa,dart,0,0,1,3,subject7
BUBA076,eng,spa,canoe,0,0,1,3,subject7
BUBA076,eng,spa,wreath,0,0,0,3,subject7
BUBA076,eng,spa,beaver,0,1,0,3,subject7
BUBA076,eng,spa,harmonica,0,1,1,3,subject7
BUBA076,eng,spa,rhinoceros,0,0,1,4,subject7
BUBA076,eng,spa,acorn,0,0,0,4,subject7
BUBA076,eng,spa,igloo,1,1,1,4,subject7
BUBA076,eng,spa,stilts,0,0,0,4,subject7
BUBA076,eng,spa,dominos,0,1,1,4,subject7
BUBA076,eng,spa,harp,0,0,1,4,subject7
BUBA076,eng,spa,hammock,0,1,1,4,subject7
BUBA076,eng,spa,knocker,0,0,0,4,subject7
BUBA076,eng,spa,pyramid,0,1,1,5,subject7
BUBA076,eng,spa,muzzle,0,0,0,5,subject7
BUBA076,eng,spa,unicorn,0,1,1,5,subject7
BUBA076,eng,spa,funnel,0,0,0,5,subject7
BUBA076,eng,spa,accordion,0,0,1,5,subject7
BUBA076,eng,spa,noose,0,1,0,5,subject7
BUBA076,eng,spa,asparagus,0,1,1,5,subject7
BUBA076,eng,spa,compass,0,1,1,5,subject7
BUBA076,eng,spa,latch,0,1,0,6,subject7
BUBA076,eng,spa,tripod,0,0,1,6,subject7
BUBA076,eng,spa,scroll,0,0,0,6,subject7
BUBA076,eng,spa,tongs,0,0,0,6,subject7
BUBA076,eng,spa,sphinx,0,0,1,6,subject7
BUBA076,eng,spa,yoke,0,0,0,6,subject7
BUBA076,eng,spa,trellis,0,0,0,6,subject7
BUBA076,eng,spa,protractor,0,1,0,6,subject7
BUBA076,eng,spa,abacus,0,0,1,6,subject7
BUBA078,eng,spa,comb,0,1,0,1,subject8
BUBA078,eng,spa,flower,1,1,1,1,subject8
BUBA078,eng,spa,helicopter,0,0,1,2,subject8
BUBA078,eng,spa,broom,0,1,0,2,subject8
BUBA078,eng,spa,octopus,0,1,0,2,subject8
BUBA078,eng,spa,mushroom,0,1,0,2,subject8
BUBA078,eng,spa,hanger,0,0,0,2,subject8
BUBA078,eng,spa,wheelchair,0,0,0,2,subject8
BUBA078,eng,spa,camel,0,0,1,2,subject8
BUBA078,eng,spa,mask,0,0,1,2,subject8
BUBA078,eng,spa,racquet,1,0,1,3,subject8
BUBA078,eng,spa,snail,0,0,0,3,subject8
BUBA078,eng,spa,volcano,0,1,1,3,subject8
BUBA078,eng,spa,seahorse,0,0,0,3,subject8
BUBA078,eng,spa,dart,0,1,1,3,subject8
BUBA078,eng,spa,canoe,0,0,1,3,subject8
BUBA078,eng,spa,wreath,0,0,0,3,subject8
BUBA078,eng,spa,beaver,0,0,0,3,subject8
BUBA078,eng,spa,harmonica,0,0,1,3,subject8
BUBA078,eng,spa,rhinoceros,0,0,1,4,subject8
BUBA078,eng,spa,acorn,0,0,0,4,subject8
BUBA078,eng,spa,igloo,0,0,1,4,subject8
BUBA078,eng,spa,stilts,0,0,0,4,subject8
BUBA078,eng,spa,dominos,0,0,1,4,subject8
BUBA078,eng,spa,harp,0,0,1,4,subject8
BUBA078,eng,spa,hammock,0,0,1,4,subject8
BUBA078,eng,spa,knocker,0,0,0,4,subject8
BUBA078,eng,spa,pyramid,0,0,1,5,subject8
BUBA078,eng,spa,muzzle,0,0,0,5,subject8
BUBA078,eng,spa,unicorn,0,0,1,5,subject8
BUBA078,eng,spa,funnel,0,0,0,5,subject8
BUBA078,eng,spa,accordion,0,0,1,5,subject8
BUBA078,eng,spa,noose,0,0,0,5,subject8
BUBA078,eng,spa,asparagus,0,0,1,5,subject8
BUBA078,eng,spa,compass,0,0,1,5,subject8
BUBA078,eng,spa,latch,0,0,0,6,subject8
BUBA078,eng,spa,tripod,0,0,1,6,subject8
BUBA078,eng,spa,scroll,0,0,0,6,subject8
BUBA078,eng,spa,tongs,0,0,0,6,subject8
BUBA078,eng,spa,sphinx,0,1,1,6,subject8
BUBA078,eng,spa,yoke,0,0,0,6,subject8
BUBA078,eng,spa,trellis,0,0,0,6,subject8
BUBA078,eng,spa,protractor,0,0,0,6,subject8
BUBA078,eng,spa,abacus,0,0,1,6,subject8
BUBA079,eng,spa,comb,1,1,0,1,subject9
BUBA079,eng,spa,flower,1,0,1,1,subject9
BUBA079,eng,spa,helicopter,1,1,1,2,subject9
BUBA079,eng,spa,broom,1,1,0,2,subject9
BUBA079,eng,spa,octopus,0,1,0,2,subject9
BUBA079,eng,spa,mushroom,1,1,0,2,subject9
BUBA079,eng,spa,hanger,1,1,0,2,subject9
BUBA079,eng,spa,wheelchair,0,1,0,2,subject9
BUBA079,eng,spa,camel,1,1,1,2,subject9
BUBA079,eng,spa,mask,0,0,1,2,subject9
BUBA079,eng,spa,racquet,0,1,1,3,subject9
BUBA079,eng,spa,snail,1,1,0,3,subject9
BUBA079,eng,spa,volcano,1,0,1,3,subject9
BUBA079,eng,spa,seahorse,1,1,0,3,subject9
BUBA079,eng,spa,dart,0,1,1,3,subject9
BUBA079,eng,spa,canoe,1,0,1,3,subject9
BUBA079,eng,spa,wreath,0,0,0,3,subject9
BUBA079,eng,spa,beaver,1,0,0,3,subject9
BUBA079,eng,spa,harmonica,1,1,1,3,subject9
BUBA079,eng,spa,rhinoceros,0,0,1,4,subject9
BUBA079,eng,spa,acorn,0,0,0,4,subject9
BUBA079,eng,spa,igloo,0,0,1,4,subject9
BUBA079,eng,spa,stilts,0,0,0,4,subject9
BUBA079,eng,spa,dominos,1,1,1,4,subject9
BUBA079,eng,spa,harp,1,1,1,4,subject9
BUBA079,eng,spa,hammock,0,1,1,4,subject9
BUBA079,eng,spa,knocker,0,0,0,4,subject9
BUBA079,eng,spa,pyramid,1,0,1,5,subject9
BUBA079,eng,spa,muzzle,0,0,0,5,subject9
BUBA079,eng,spa,unicorn,0,0,1,5,subject9
BUBA079,eng,spa,funnel,0,1,0,5,subject9
BUBA079,eng,spa,accordion,1,1,1,5,subject9
BUBA079,eng,spa,noose,0,1,0,5,subject9
BUBA079,eng,spa,asparagus,1,1,1,5,subject9
BUBA079,eng,spa,compass,1,0,1,5,subject9
BUBA079,eng,spa,latch,0,1,0,6,subject9
BUBA079,eng,spa,tripod,0,0,1,6,subject9
BUBA079,eng,spa,scroll,0,0,0,6,subject9
BUBA079,eng,spa,tongs,0,0,0,6,subject9
BUBA079,eng,spa,sphinx,1,0,1,6,subject9
BUBA079,eng,spa,yoke,0,0,0,6,subject9
BUBA079,eng,spa,trellis,0,0,0,6,subject9
BUBA079,eng,spa,protractor,0,0,0,6,subject9
BUBA079,eng,spa,abacus,0,0,1,6,subject9
BUBA080,eng,spa,comb,1,1,0,1,subject10
BUBA080,eng,spa,flower,1,1,1,1,subject10
BUBA080,eng,spa,helicopter,0,1,1,2,subject10
BUBA080,eng,spa,broom,1,1,0,2,subject10
BUBA080,eng,spa,octopus,1,1,0,2,subject10
BUBA080,eng,spa,mushroom,1,0,0,2,subject10
BUBA080,eng,spa,hanger,1,1,0,2,subject10
BUBA080,eng,spa,wheelchair,1,1,0,2,subject10
BUBA080,eng,spa,camel,1,1,1,2,subject10
BUBA080,eng,spa,mask,1,1,1,2,subject10
BUBA080,eng,spa,racquet,0,0,1,3,subject10
BUBA080,eng,spa,snail,1,1,0,3,subject10
BUBA080,eng,spa,volcano,1,0,1,3,subject10
BUBA080,eng,spa,seahorse,0,1,0,3,subject10
BUBA080,eng,spa,dart,0,0,1,3,subject10
BUBA080,eng,spa,canoe,1,1,1,3,subject10
BUBA080,eng,spa,wreath,0,0,0,3,subject10
BUBA080,eng,spa,beaver,0,0,0,3,subject10
BUBA080,eng,spa,harmonica,1,1,1,3,subject10
BUBA080,eng,spa,rhinoceros,0,1,1,4,subject10
BUBA080,eng,spa,acorn,0,0,0,4,subject10
BUBA080,eng,spa,igloo,1,1,1,4,subject10
BUBA080,eng,spa,stilts,0,0,0,4,subject10
BUBA080,eng,spa,dominos,1,1,1,4,subject10
BUBA080,eng,spa,harp,0,0,1,4,subject10
BUBA080,eng,spa,hammock,1,1,1,4,subject10
BUBA080,eng,spa,knocker,0,0,0,4,subject10
BUBA080,eng,spa,pyramid,0,0,1,5,subject10
BUBA080,eng,spa,muzzle,0,0,0,5,subject10
BUBA080,eng,spa,unicorn,0,0,1,5,subject10
BUBA080,eng,spa,funnel,0,0,0,5,subject10
BUBA080,eng,spa,accordion,0,1,1,5,subject10
BUBA080,eng,spa,noose,0,0,0,5,subject10
BUBA080,eng,spa,asparagus,0,0,1,5,subject10
BUBA080,eng,spa,compass,0,0,1,5,subject10
BUBA080,eng,spa,latch,0,0,0,6,subject10
BUBA080,eng,spa,tripod,0,0,1,6,subject10
BUBA080,eng,spa,scroll,0,0,0,6,subject10
BUBA080,eng,spa,tongs,0,0,0,6,subject10
BUBA080,eng,spa,sphinx,0,0,1,6,subject10
BUBA080,eng,spa,yoke,0,0,0,6,subject10
BUBA080,eng,spa,trellis,0,0,0,6,subject10
BUBA080,eng,spa,protractor,0,0,0,6,subject10
BUBA080,eng,spa,abacus,0,0,1,6,subject10
BUBA083,eng,spa,comb,0,1,0,1,subject11
BUBA083,eng,spa,flower,1,1,1,1,subject11
BUBA083,eng,spa,helicopter,0,0,1,2,subject11
BUBA083,eng,spa,broom,0,1,0,2,subject11
BUBA083,eng,spa,octopus,0,0,0,2,subject11
BUBA083,eng,spa,mushroom,0,1,0,2,subject11
BUBA083,eng,spa,hanger,0,1,0,2,subject11
BUBA083,eng,spa,wheelchair,0,0,0,2,subject11
BUBA083,eng,spa,camel,0,1,1,2,subject11
BUBA083,eng,spa,mask,0,0,1,2,subject11
BUBA083,eng,spa,racquet,0,1,1,3,subject11
BUBA083,eng,spa,snail,0,0,0,3,subject11
BUBA083,eng,spa,volcano,0,1,1,3,subject11
BUBA083,eng,spa,seahorse,0,1,0,3,subject11
BUBA083,eng,spa,dart,0,1,1,3,subject11
BUBA083,eng,spa,canoe,0,1,1,3,subject11
BUBA083,eng,spa,wreath,0,0,0,3,subject11
BUBA083,eng,spa,beaver,0,0,0,3,subject11
BUBA083,eng,spa,harmonica,0,0,1,3,subject11
BUBA083,eng,spa,rhinoceros,0,1,1,4,subject11
BUBA083,eng,spa,acorn,0,0,0,4,subject11
BUBA083,eng,spa,igloo,0,0,1,4,subject11
BUBA083,eng,spa,stilts,0,1,0,4,subject11
BUBA083,eng,spa,dominos,0,0,1,4,subject11
BUBA083,eng,spa,harp,0,0,1,4,subject11
BUBA083,eng,spa,hammock,0,0,1,4,subject11
BUBA083,eng,spa,knocker,0,0,0,4,subject11
BUBA083,eng,spa,pyramid,0,1,1,5,subject11
BUBA083,eng,spa,muzzle,0,0,0,5,subject11
BUBA083,eng,spa,unicorn,0,0,1,5,subject11
BUBA083,eng,spa,funnel,0,0,0,5,subject11
BUBA083,eng,spa,accordion,0,1,1,5,subject11
BUBA083,eng,spa,noose,0,1,0,5,subject11
BUBA083,eng,spa,asparagus,0,0,1,5,subject11
BUBA083,eng,spa,compass,0,0,1,5,subject11
BUBA083,eng,spa,latch,0,0,0,6,subject11
BUBA083,eng,spa,tripod,0,0,1,6,subject11
BUBA083,eng,spa,scroll,0,0,0,6,subject11
BUBA083,eng,spa,tongs,0,0,0,6,subject11
BUBA083,eng,spa,sphinx,0,0,1,6,subject11
BUBA083,eng,spa,yoke,0,0,0,6,subject11
BUBA083,eng,spa,trellis,0,0,0,6,subject11
BUBA083,eng,spa,protractor,0,0,0,6,subject11
BUBA083,eng,spa,abacus,0,0,1,6,subject11
BUBA084,eng,spa,comb,1,1,0,1,subject12
BUBA084,eng,spa,flower,1,1,1,1,subject12
BUBA084,eng,spa,helicopter,1,1,1,2,subject12
BUBA084,eng,spa,broom,1,1,0,2,subject12
BUBA084,eng,spa,octopus,1,0,0,2,subject12
BUBA084,eng,spa,mushroom,1,1,0,2,subject12
BUBA084,eng,spa,hanger,1,0,0,2,subject12
BUBA084,eng,spa,wheelchair,1,1,0,2,subject12
BUBA084,eng,spa,camel,1,0,1,2,subject12
BUBA084,eng,spa,mask,0,1,1,2,subject12
BUBA084,eng,spa,racquet,0,0,1,3,subject12
BUBA084,eng,spa,snail,0,0,0,3,subject12
BUBA084,eng,spa,volcano,1,1,1,3,subject12
BUBA084,eng,spa,seahorse,1,1,0,3,subject12
BUBA084,eng,spa,dart,1,0,1,3,subject12
BUBA084,eng,spa,canoe,0,0,1,3,subject12
BUBA084,eng,spa,wreath,1,0,0,3,subject12
BUBA084,eng,spa,beaver,1,0,0,3,subject12
BUBA084,eng,spa,harmonica,1,0,1,3,subject12
BUBA084,eng,spa,rhinoceros,1,1,1,4,subject12
BUBA084,eng,spa,acorn,0,0,0,4,subject12
BUBA084,eng,spa,igloo,0,0,1,4,subject12
BUBA084,eng,spa,stilts,0,0,0,4,subject12
BUBA084,eng,spa,dominos,1,1,1,4,subject12
BUBA084,eng,spa,harp,1,0,1,4,subject12
BUBA084,eng,spa,hammock,0,0,1,4,subject12
BUBA084,eng,spa,knocker,1,0,0,4,subject12
BUBA084,eng,spa,pyramid,1,1,1,5,subject12
BUBA084,eng,spa,muzzle,0,0,0,5,subject12
BUBA084,eng,spa,unicorn,1,0,1,5,subject12
BUBA084,eng,spa,funnel,1,0,0,5,subject12
BUBA084,eng,spa,accordion,1,0,1,5,subject12
BUBA084,eng,spa,noose,1,0,0,5,subject12
BUBA084,eng,spa,asparagus,1,0,1,5,subject12
BUBA084,eng,spa,compass,1,0,1,5,subject12
BUBA084,eng,spa,latch,1,0,0,6,subject12
BUBA084,eng,spa,tripod,1,0,1,6,subject12
BUBA084,eng,spa,scroll,0,0,0,6,subject12
BUBA084,eng,spa,tongs,1,0,0,6,subject12
BUBA084,eng,spa,sphinx,1,0,1,6,subject12
BUBA084,eng,spa,yoke,0,0,0,6,subject12
BUBA084,eng,spa,trellis,0,0,0,6,subject12
BUBA084,eng,spa,protractor,0,0,0,6,subject12
BUBA084,eng,spa,abacus,1,0,1,6,subject12
BUBA085,eng,spa,comb,1,0,0,1,subject13
BUBA085,eng,spa,flower,1,1,1,1,subject13
BUBA085,eng,spa,helicopter,1,0,1,2,subject13
BUBA085,eng,spa,broom,1,1,0,2,subject13
BUBA085,eng,spa,octopus,1,0,0,2,subject13
BUBA085,eng,spa,mushroom,1,1,0,2,subject13
BUBA085,eng,spa,hanger,1,0,0,2,subject13
BUBA085,eng,spa,wheelchair,1,1,0,2,subject13
BUBA085,eng,spa,camel,1,1,1,2,subject13
BUBA085,eng,spa,mask,1,1,1,2,subject13
BUBA085,eng,spa,racquet,1,1,1,3,subject13
BUBA085,eng,spa,snail,1,1,0,3,subject13
BUBA085,eng,spa,volcano,1,0,1,3,subject13
BUBA085,eng,spa,seahorse,1,0,0,3,subject13
BUBA085,eng,spa,dart,1,0,1,3,subject13
BUBA085,eng,spa,canoe,1,1,1,3,subject13
BUBA085,eng,spa,wreath,1,0,0,3,subject13
BUBA085,eng,spa,beaver,0,0,0,3,subject13
BUBA085,eng,spa,harmonica,1,1,1,3,subject13
BUBA085,eng,spa,rhinoceros,1,0,1,4,subject13
BUBA085,eng,spa,acorn,1,0,0,4,subject13
BUBA085,eng,spa,igloo,1,0,1,4,subject13
BUBA085,eng,spa,stilts,0,0,0,4,subject13
BUBA085,eng,spa,dominos,1,1,1,4,subject13
BUBA085,eng,spa,harp,1,1,1,4,subject13
BUBA085,eng,spa,hammock,1,0,1,4,subject13
BUBA085,eng,spa,knocker,1,0,0,4,subject13
BUBA085,eng,spa,pyramid,1,1,1,5,subject13
BUBA085,eng,spa,muzzle,1,0,0,5,subject13
BUBA085,eng,spa,unicorn,1,1,1,5,subject13
BUBA085,eng,spa,funnel,1,0,0,5,subject13
BUBA085,eng,spa,accordion,0,0,1,5,subject13
BUBA085,eng,spa,noose,1,0,0,5,subject13
BUBA085,eng,spa,asparagus,1,1,1,5,subject13
BUBA085,eng,spa,compass,1,0,1,5,subject13
BUBA085,eng,spa,latch,0,0,0,6,subject13
BUBA085,eng,spa,tripod,1,0,1,6,subject13
BUBA085,eng,spa,scroll,1,0,0,6,subject13
BUBA085,eng,spa,tongs,1,0,0,6,subject13
BUBA085,eng,spa,sphinx,1,0,1,6,subject13
BUBA085,eng,spa,yoke,1,0,0,6,subject13
BUBA085,eng,spa,trellis,1,0,0,6,subject13
BUBA085,eng,spa,protractor,0,0,0,6,subject13
BUBA085,eng,spa,abacus,1,0,1,6,subject13
BUBA089,eng,spa,comb,0,1,0,1,subject14
BUBA089,eng,spa,flower,0,0,1,1,subject14
BUBA089,eng,spa,helicopter,0,0,1,2,subject14
BUBA089,eng,spa,broom,1,0,0,2,subject14
BUBA089,eng,spa,octopus,0,0,0,2,subject14
BUBA089,eng,spa,mushroom,0,0,0,2,subject14
BUBA089,eng,spa,hanger,0,0,0,2,subject14
BUBA089,eng,spa,wheelchair,0,0,0,2,subject14
BUBA089,eng,spa,camel,0,1,1,2,subject14
BUBA089,eng,spa,mask,1,0,1,2,subject14
BUBA089,eng,spa,racquet,0,0,1,3,subject14
BUBA089,eng,spa,snail,0,0,0,3,subject14
BUBA089,eng,spa,volcano,0,0,1,3,subject14
BUBA089,eng,spa,seahorse,0,0,0,3,subject14
BUBA089,eng,spa,dart,1,1,1,3,subject14
BUBA089,eng,spa,canoe,1,1,1,3,subject14
BUBA089,eng,spa,wreath,1,0,0,3,subject14
BUBA089,eng,spa,beaver,1,0,0,3,subject14
BUBA089,eng,spa,harmonica,0,0,1,3,subject14
BUBA089,eng,spa,rhinoceros,0,0,1,4,subject14
BUBA089,eng,spa,acorn,0,0,0,4,subject14
BUBA089,eng,spa,igloo,0,0,1,4,subject14
BUBA089,eng,spa,stilts,1,0,0,4,subject14
BUBA089,eng,spa,dominos,1,0,1,4,subject14
BUBA089,eng,spa,harp,1,0,1,4,subject14
BUBA089,eng,spa,hammock,0,0,1,4,subject14
BUBA089,eng,spa,knocker,1,0,0,4,subject14
BUBA089,eng,spa,pyramid,0,0,1,5,subject14
BUBA089,eng,spa,muzzle,1,0,0,5,subject14
BUBA089,eng,spa,unicorn,0,0,1,5,subject14
BUBA089,eng,spa,funnel,1,0,0,5,subject14
BUBA089,eng,spa,accordion,0,0,1,5,subject14
BUBA089,eng,spa,noose,0,0,0,5,subject14
BUBA089,eng,spa,asparagus,0,0,1,5,subject14
BUBA089,eng,spa,compass,0,0,1,5,subject14
BUBA089,eng,spa,latch,0,0,0,6,subject14
BUBA089,eng,spa,tripod,0,0,1,6,subject14
BUBA089,eng,spa,scroll,1,0,0,6,subject14
BUBA089,eng,spa,tongs,0,0,0,6,subject14
BUBA089,eng,spa,sphinx,0,0,1,6,subject14
BUBA089,eng,spa,yoke,1,0,0,6,subject14
BUBA089,eng,spa,trellis,0,0,0,6,subject14
BUBA089,eng,spa,protractor,0,0,0,6,subject14
BUBA089,eng,spa,abacus,0,0,1,6,subject14
BUBA090,eng,spa,comb,1,1,0,1,subject15
BUBA090,eng,spa,flower,1,1,1,1,subject15
BUBA090,eng,spa,helicopter,1,0,1,2,subject15
BUBA090,eng,spa,broom,1,0,0,2,subject15
BUBA090,eng,spa,octopus,1,0,0,2,subject15
BUBA090,eng,spa,mushroom,1,0,0,2,subject15
BUBA090,eng,spa,hanger,1,0,0,2,subject15
BUBA090,eng,spa,wheelchair,1,0,0,2,subject15
BUBA090,eng,spa,camel,1,0,1,2,subject15
BUBA090,eng,spa,mask,1,0,1,2,subject15
BUBA090,eng,spa,racquet,1,0,1,3,subject15
BUBA090,eng,spa,snail,1,0,0,3,subject15
BUBA090,eng,spa,volcano,1,0,1,3,subject15
BUBA090,eng,spa,seahorse,1,0,0,3,subject15
BUBA090,eng,spa,dart,1,1,1,3,subject15
BUBA090,eng,spa,canoe,1,1,1,3,subject15
BUBA090,eng,spa,wreath,1,0,0,3,subject15
BUBA090,eng,spa,beaver,1,0,0,3,subject15
BUBA090,eng,spa,harmonica,1,0,1,3,subject15
BUBA090,eng,spa,rhinoceros,1,0,1,4,subject15
BUBA090,eng,spa,acorn,1,0,0,4,subject15
BUBA090,eng,spa,igloo,1,0,1,4,subject15
BUBA090,eng,spa,stilts,1,0,0,4,subject15
BUBA090,eng,spa,dominos,1,0,1,4,subject15
BUBA090,eng,spa,harp,1,0,1,4,subject15
BUBA090,eng,spa,hammock,1,0,1,4,subject15
BUBA090,eng,spa,knocker,1,0,0,4,subject15
BUBA090,eng,spa,pyramid,1,0,1,5,subject15
BUBA090,eng,spa,muzzle,1,0,0,5,subject15
BUBA090,eng,spa,unicorn,1,0,1,5,subject15
BUBA090,eng,spa,funnel,1,0,0,5,subject15
BUBA090,eng,spa,accordion,1,0,1,5,subject15
BUBA090,eng,spa,noose,1,0,0,5,subject15
BUBA090,eng,spa,asparagus,1,0,1,5,subject15
BUBA090,eng,spa,compass,0,0,1,5,subject15
BUBA090,eng,spa,latch,1,0,0,6,subject15
BUBA090,eng,spa,tripod,0,0,1,6,subject15
BUBA090,eng,spa,scroll,1,0,0,6,subject15
BUBA090,eng,spa,tongs,1,0,0,6,subject15
BUBA090,eng,spa,sphinx,1,0,1,6,subject15
BUBA090,eng,spa,yoke,0,0,0,6,subject15
BUBA090,eng,spa,trellis,1,0,0,6,subject15
BUBA090,eng,spa,protractor,0,0,0,6,subject15
BUBA090,eng,spa,abacus,1,0,1,6,subject15
BUBA091,eng,spa,comb,0,0,0,1,subject16
BUBA091,eng,spa,flower,0,0,1,1,subject16
BUBA091,eng,spa,helicopter,0,0,1,2,subject16
BUBA091,eng,spa,broom,0,0,0,2,subject16
BUBA091,eng,spa,octopus,0,0,0,2,subject16
BUBA091,eng,spa,mushroom,0,0,0,2,subject16
BUBA091,eng,spa,hanger,0,0,0,2,subject16
BUBA091,eng,spa,wheelchair,0,0,0,2,subject16
BUBA091,eng,spa,camel,0,0,1,2,subject16
BUBA091,eng,spa,mask,0,0,1,2,subject16
BUBA091,eng,spa,racquet,0,0,1,3,subject16
BUBA091,eng,spa,snail,0,0,0,3,subject16
BUBA091,eng,spa,volcano,0,0,1,3,subject16
BUBA091,eng,spa,seahorse,0,0,0,3,subject16
BUBA091,eng,spa,dart,0,0,1,3,subject16
BUBA091,eng,spa,canoe,0,0,1,3,subject16
BUBA091,eng,spa,wreath,0,0,0,3,subject16
BUBA091,eng,spa,beaver,0,0,0,3,subject16
BUBA091,eng,spa,harmonica,0,0,1,3,subject16
BUBA091,eng,spa,rhinoceros,0,0,1,4,subject16
BUBA091,eng,spa,acorn,0,0,0,4,subject16
BUBA091,eng,spa,igloo,0,0,1,4,subject16
BUBA091,eng,spa,stilts,0,0,0,4,subject16
BUBA091,eng,spa,dominos,0,0,1,4,subject16
BUBA091,eng,spa,harp,0,0,1,4,subject16
BUBA091,eng,spa,hammock,0,0,1,4,subject16
BUBA091,eng,spa,knocker,0,0,0,4,subject16
BUBA091,eng,spa,pyramid,0,0,1,5,subject16
BUBA091,eng,spa,muzzle,0,0,0,5,subject16
BUBA091,eng,spa,unicorn,0,0,1,5,subject16
BUBA091,eng,spa,funnel,0,0,0,5,subject16
BUBA091,eng,spa,accordion,0,0,1,5,subject16
BUBA091,eng,spa,noose,0,0,0,5,subject16
BUBA091,eng,spa,asparagus,0,0,1,5,subject16
BUBA091,eng,spa,compass,0,0,1,5,subject16
BUBA091,eng,spa,latch,0,0,0,6,subject16
BUBA091,eng,spa,tripod,0,0,1,6,subject16
BUBA091,eng,spa,scroll,0,0,0,6,subject16
BUBA091,eng,spa,tongs,0,0,0,6,subject16
BUBA091,eng,spa,sphinx,0,0,1,6,subject16
BUBA091,eng,spa,yoke,0,0,0,6,subject16
BUBA091,eng,spa,trellis,0,0,0,6,subject16
BUBA091,eng,spa,protractor,0,0,0,6,subject16
BUBA091,eng,spa,abacus,0,0,1,6,subject16
BUBA092,eng,spa,comb,0,1,0,1,subject17
BUBA092,eng,spa,flower,1,1,1,1,subject17
BUBA092,eng,spa,helicopter,1,1,1,2,subject17
BUBA092,eng,spa,broom,1,1,0,2,subject17
BUBA092,eng,spa,octopus,0,1,0,2,subject17
BUBA092,eng,spa,mushroom,1,0,0,2,subject17
BUBA092,eng,spa,hanger,1,0,0,2,subject17
BUBA092,eng,spa,wheelchair,1,1,0,2,subject17
BUBA092,eng,spa,camel,1,1,1,2,subject17
BUBA092,eng,spa,mask,1,1,1,2,subject17
BUBA092,eng,spa,racquet,1,1,1,3,subject17
BUBA092,eng,spa,snail,1,1,0,3,subject17
BUBA092,eng,spa,volcano,0,1,1,3,subject17
BUBA092,eng,spa,seahorse,1,1,0,3,subject17
BUBA092,eng,spa,dart,0,1,1,3,subject17
BUBA092,eng,spa,canoe,0,1,1,3,subject17
BUBA092,eng,spa,wreath,0,0,0,3,subject17
BUBA092,eng,spa,beaver,0,0,0,3,subject17
BUBA092,eng,spa,harmonica,0,0,1,3,subject17
BUBA092,eng,spa,rhinoceros,0,1,1,4,subject17
BUBA092,eng,spa,acorn,0,0,0,4,subject17
BUBA092,eng,spa,igloo,0,0,1,4,subject17
BUBA092,eng,spa,stilts,0,1,0,4,subject17
BUBA092,eng,spa,dominos,0,1,1,4,subject17
BUBA092,eng,spa,harp,1,1,1,4,subject17
BUBA092,eng,spa,hammock,0,1,1,4,subject17
BUBA092,eng,spa,knocker,0,0,0,4,subject17
BUBA092,eng,spa,pyramid,1,1,1,5,subject17
BUBA092,eng,spa,muzzle,0,1,0,5,subject17
BUBA092,eng,spa,unicorn,1,0,1,5,subject17
BUBA092,eng,spa,funnel,0,0,0,5,subject17
BUBA092,eng,spa,accordion,1,1,1,5,subject17
BUBA092,eng,spa,noose,0,1,0,5,subject17
BUBA092,eng,spa,asparagus,0,1,1,5,subject17
BUBA092,eng,spa,compass,0,0,1,5,subject17
BUBA092,eng,spa,latch,0,1,0,6,subject17
BUBA092,eng,spa,tripod,1,0,1,6,subject17
BUBA092,eng,spa,scroll,0,0,0,6,subject17
BUBA092,eng,spa,tongs,0,0,0,6,subject17
BUBA092,eng,spa,sphinx,0,0,1,6,subject17
BUBA092,eng,spa,yoke,0,0,0,6,subject17
BUBA092,eng,spa,trellis,0,0,0,6,subject17
BUBA092,eng,spa,protractor,0,0,0,6,subject17
BUBA092,eng,spa,abacus,0,0,1,6,subject17
BUBA094,eng,spa,comb,1,1,0,1,
BUBA094,eng,spa,flower,1,1,1,1,subject18
BUBA094,eng,spa,helicopter,1,0,1,2,subject18
BUBA094,eng,spa,broom,1,1,0,2,subject18
BUBA094,eng,spa,octopus,1,0,0,2,subject18
BUBA094,eng,spa,mushroom,1,1,0,2,subject18
BUBA094,eng,spa,hanger,1,1,0,2,subject18
BUBA094,eng,spa,wheelchair,1,1,0,2,subject18
BUBA094,eng,spa,camel,1,1,1,2,subject18
BUBA094,eng,spa,mask,1,1,1,2,subject18
BUBA094,eng,spa,racquet,1,1,1,3,subject18
BUBA094,eng,spa,snail,1,0,0,3,subject18
BUBA094,eng,spa,volcano,1,1,1,3,subject18
BUBA094,eng,spa,seahorse,1,0,0,3,subject18
BUBA094,eng,spa,dart,1,0,1,3,subject18
BUBA094,eng,spa,canoe,1,0,1,3,subject18
BUBA094,eng,spa,wreath,0,0,0,3,subject18
BUBA094,eng,spa,beaver,0,0,0,3,subject18
BUBA094,eng,spa,harmonica,1,1,1,3,subject18
BUBA094,eng,spa,rhinoceros,1,0,1,4,subject18
BUBA094,eng,spa,acorn,1,0,0,4,subject18
BUBA094,eng,spa,igloo,1,1,1,4,subject18
BUBA094,eng,spa,stilts,1,0,0,4,subject18
BUBA094,eng,spa,dominos,1,0,1,4,subject18
BUBA094,eng,spa,harp,1,1,1,4,subject18
BUBA094,eng,spa,hammock,1,0,1,4,subject18
BUBA094,eng,spa,knocker,1,0,0,4,subject18
BUBA094,eng,spa,pyramid,1,0,1,5,subject18
BUBA094,eng,spa,muzzle,0,0,0,5,subject18
BUBA094,eng,spa,unicorn,1,0,1,5,subject18
BUBA094,eng,spa,funnel,1,0,0,5,subject18
BUBA094,eng,spa,accordion,1,0,1,5,subject18
BUBA094,eng,spa,noose,1,0,0,5,subject18
BUBA094,eng,spa,asparagus,1,0,1,5,subject18
BUBA094,eng,spa,compass,0,0,1,5,subject18
BUBA094,eng,spa,latch,1,0,0,6,subject18
BUBA094,eng,spa,tripod,1,0,1,6,subject18
BUBA094,eng,spa,scroll,1,0,0,6,subject18
BUBA094,eng,spa,tongs,0,0,0,6,subject18
BUBA094,eng,spa,sphinx,0,0,1,6,subject18
BUBA094,eng,spa,yoke,0,0,0,6,subject18
BUBA094,eng,spa,trellis,1,0,0,6,subject18
BUBA094,eng,spa,protractor,1,0,0,6,subject18
BUBA094,eng,spa,abacus,0,0,1,6,subject18
BUBA096,eng,spa,comb,1,1,0,1,subject19
BUBA096,eng,spa,flower,1,0,1,1,subject19
BUBA096,eng,spa,helicopter,0,0,1,2,subject19
BUBA096,eng,spa,broom,0,1,0,2,subject19
BUBA096,eng,spa,octopus,0,1,0,2,subject19
BUBA096,eng,spa,mushroom,0,1,0,2,subject19
BUBA096,eng,spa,hanger,0,0,0,2,subject19
BUBA096,eng,spa,wheelchair,0,0,0,2,subject19
BUBA096,eng,spa,camel,0,0,1,2,subject19
BUBA096,eng,spa,mask,0,1,1,2,subject19
BUBA096,eng,spa,racquet,1,0,1,3,subject19
BUBA096,eng,spa,snail,0,0,0,3,subject19
BUBA096,eng,spa,volcano,0,1,1,3,subject19
BUBA096,eng,spa,seahorse,0,0,0,3,subject19
BUBA096,eng,spa,dart,0,1,1,3,subject19
BUBA096,eng,spa,canoe,1,0,1,3,subject19
BUBA096,eng,spa,wreath,0,0,0,3,subject19
BUBA096,eng,spa,beaver,0,0,0,3,subject19
BUBA096,eng,spa,harmonica,0,0,1,3,subject19
BUBA096,eng,spa,rhinoceros,0,0,1,4,subject19
BUBA096,eng,spa,acorn,0,0,0,4,subject19
BUBA096,eng,spa,igloo,0,0,1,4,subject19
BUBA096,eng,spa,stilts,0,0,0,4,subject19
BUBA096,eng,spa,dominos,0,0,1,4,subject19
BUBA096,eng,spa,harp,0,0,1,4,subject19
BUBA096,eng,spa,hammock,0,0,1,4,subject19
BUBA096,eng,spa,knocker,0,0,0,4,subject19
BUBA096,eng,spa,pyramid,0,0,1,5,subject19
BUBA096,eng,spa,muzzle,0,0,0,5,subject19
BUBA096,eng,spa,unicorn,0,0,1,5,subject19
BUBA096,eng,spa,funnel,0,0,0,5,subject19
BUBA096,eng,spa,accordion,0,0,1,5,subject19
BUBA096,eng,spa,noose,0,0,0,5,subject19
BUBA096,eng,spa,asparagus,0,1,1,5,subject19
BUBA096,eng,spa,compass,0,0,1,5,subject19
BUBA096,eng,spa,latch,0,0,0,6,subject19
BUBA096,eng,spa,tripod,0,0,1,6,subject19
BUBA096,eng,spa,scroll,0,0,0,6,subject19
BUBA096,eng,spa,tongs,0,0,0,6,subject19
BUBA096,eng,spa,sphinx,0,0,1,6,subject19
BUBA096,eng,spa,yoke,0,0,0,6,subject19
BUBA096,eng,spa,trellis,0,0,0,6,subject19
BUBA096,eng,spa,protractor,0,0,0,6,subject19
BUBA096,eng,spa,abacus,0,0,1,6,subject19
BUBA097,eng,spa,comb,1,0,0,1,subject20
BUBA097,eng,spa,flower,1,1,1,1,subject20
BUBA097,eng,spa,helicopter,1,0,1,2,subject20
BUBA097,eng,spa,broom,1,0,0,2,subject20
BUBA097,eng,spa,octopus,1,1,0,2,subject20
BUBA097,eng,spa,mushroom,1,0,0,2,subject20
BUBA097,eng,spa,hanger,1,0,0,2,subject20
BUBA097,eng,spa,wheelchair,1,0,0,2,subject20
BUBA097,eng,spa,camel,1,0,1,2,subject20
BUBA097,eng,spa,mask,1,1,1,2,subject20
BUBA097,eng,spa,racquet,1,1,1,3,subject20
BUBA097,eng,spa,snail,1,0,0,3,subject20
BUBA097,eng,spa,volcano,1,0,1,3,subject20
BUBA097,eng,spa,seahorse,1,0,0,3,subject20
BUBA097,eng,spa,dart,1,0,1,3,subject20
BUBA097,eng,spa,canoe,1,0,1,3,subject20
BUBA097,eng,spa,wreath,1,0,0,3,subject20
BUBA097,eng,spa,beaver,1,0,0,3,subject20
BUBA097,eng,spa,harmonica,1,0,1,3,subject20
BUBA097,eng,spa,rhinoceros,1,0,1,4,subject20
BUBA097,eng,spa,acorn,1,0,0,4,subject20
BUBA097,eng,spa,igloo,1,1,1,4,subject20
BUBA097,eng,spa,stilts,1,0,0,4,subject20
BUBA097,eng,spa,dominos,1,1,1,4,subject20
BUBA097,eng,spa,harp,1,0,1,4,subject20
BUBA097,eng,spa,hammock,1,0,1,4,subject20
BUBA097,eng,spa,knocker,1,0,0,4,subject20
BUBA097,eng,spa,pyramid,1,0,1,5,subject20
BUBA097,eng,spa,muzzle,1,0,0,5,subject20
BUBA097,eng,spa,unicorn,1,0,1,5,subject20
BUBA097,eng,spa,funnel,1,0,0,5,subject20
BUBA097,eng,spa,accordion,0,0,1,5,subject20
BUBA097,eng,spa,noose,1,0,0,5,subject20
BUBA097,eng,spa,asparagus,0,0,1,5,subject20
BUBA097,eng,spa,compass,1,0,1,5,subject20
BUBA097,eng,spa,latch,1,0,0,6,subject20
BUBA097,eng,spa,tripod,0,0,1,6,subject20
BUBA097,eng,spa,scroll,0,0,0,6,subject20
BUBA097,eng,spa,tongs,1,0,0,6,subject20
BUBA097,eng,spa,sphinx,0,0,1,6,subject20
BUBA097,eng,spa,yoke,0,0,0,6,subject20
BUBA097,eng,spa,trellis,0,0,0,6,subject20
BUBA097,eng,spa,protractor,0,0,0,6,subject20
BUBA097,eng,spa,abacus,0,0,1,6,subject20
BUBA098,eng,spa,comb,1,0,0,1,subject21
BUBA098,eng,spa,flower,1,0,1,1,subject21
BUBA098,eng,spa,helicopter,1,0,1,2,subject21
BUBA098,eng,spa,broom,1,1,0,2,subject21
BUBA098,eng,spa,octopus,1,1,0,2,subject21
BUBA098,eng,spa,mushroom,1,0,0,2,subject21
BUBA098,eng,spa,hanger,1,1,0,2,subject21
BUBA098,eng,spa,wheelchair,1,1,0,2,subject21
BUBA098,eng,spa,camel,1,1,1,2,subject21
BUBA098,eng,spa,mask,1,1,1,2,subject21
BUBA098,eng,spa,racquet,1,0,1,3,subject21
BUBA098,eng,spa,snail,1,0,0,3,subject21
BUBA098,eng,spa,volcano,1,0,1,3,subject21
BUBA098,eng,spa,seahorse,1,0,0,3,subject21
BUBA098,eng,spa,dart,1,0,1,3,subject21
BUBA098,eng,spa,canoe,1,0,1,3,subject21
BUBA098,eng,spa,wreath,1,0,0,3,subject21
BUBA098,eng,spa,beaver,1,0,0,3,subject21
BUBA098,eng,spa,harmonica,1,1,1,3,subject21
BUBA098,eng,spa,rhinoceros,1,0,1,4,subject21
BUBA098,eng,spa,acorn,0,0,0,4,subject21
BUBA098,eng,spa,igloo,1,1,1,4,subject21
BUBA098,eng,spa,stilts,1,0,0,4,subject21
BUBA098,eng,spa,dominos,1,1,1,4,subject21
BUBA098,eng,spa,harp,1,0,1,4,subject21
BUBA098,eng,spa,hammock,1,1,1,4,subject21
BUBA098,eng,spa,knocker,1,0,0,4,subject21
BUBA098,eng,spa,pyramid,1,0,1,5,subject21
BUBA098,eng,spa,muzzle,1,0,0,5,subject21
BUBA098,eng,spa,unicorn,1,1,1,5,subject21
BUBA098,eng,spa,funnel,1,0,0,5,subject21
BUBA098,eng,spa,accordion,0,1,1,5,subject21
BUBA098,eng,spa,noose,1,1,0,5,subject21
BUBA098,eng,spa,asparagus,1,0,1,5,subject21
BUBA098,eng,spa,compass,1,0,1,5,subject21
BUBA098,eng,spa,latch,1,0,0,6,subject21
BUBA098,eng,spa,tripod,1,0,1,6,subject21
BUBA098,eng,spa,scroll,1,0,0,6,subject21
BUBA098,eng,spa,tongs,1,0,0,6,subject21
BUBA098,eng,spa,sphinx,0,0,1,6,subject21
BUBA098,eng,spa,yoke,1,0,0,6,subject21
BUBA098,eng,spa,trellis,0,0,0,6,subject21
BUBA098,eng,spa,protractor,0,0,0,6,subject21
BUBA098,eng,spa,abacus,1,0,1,6,subject21
BUBA102,eng,spa,comb,1,1,0,1,subject22
BUBA102,eng,spa,flower,1,1,1,1,subject22
BUBA102,eng,spa,helicopter,1,1,1,2,subject22
BUBA102,eng,spa,broom,0,1,0,2,subject22
BUBA102,eng,spa,octopus,0,1,0,2,subject22
BUBA102,eng,spa,mushroom,0,0,0,2,subject22
BUBA102,eng,spa,hanger,1,1,0,2,subject22
BUBA102,eng,spa,wheelchair,0,1,0,2,subject22
BUBA102,eng,spa,camel,1,1,1,2,subject22
BUBA102,eng,spa,mask,1,1,1,2,subject22
BUBA102,eng,spa,racquet,1,1,1,3,subject22
BUBA102,eng,spa,snail,0,0,0,3,subject22
BUBA102,eng,spa,volcano,1,1,1,3,subject22
BUBA102,eng,spa,seahorse,0,1,0,3,subject22
BUBA102,eng,spa,dart,0,0,1,3,subject22
BUBA102,eng,spa,canoe,0,1,1,3,subject22
BUBA102,eng,spa,wreath,0,1,0,3,subject22
BUBA102,eng,spa,beaver,0,0,0,3,subject22
BUBA102,eng,spa,harmonica,0,1,1,3,subject22
BUBA102,eng,spa,rhinoceros,0,1,1,4,subject22
BUBA102,eng,spa,acorn,0,0,0,4,subject22
BUBA102,eng,spa,igloo,1,1,1,4,subject22
BUBA102,eng,spa,stilts,0,0,0,4,subject22
BUBA102,eng,spa,dominos,1,0,1,4,subject22
BUBA102,eng,spa,harp,0,1,1,4,subject22
BUBA102,eng,spa,hammock,0,1,1,4,subject22
BUBA102,eng,spa,knocker,0,0,0,4,subject22
BUBA102,eng,spa,pyramid,0,1,1,5,subject22
BUBA102,eng,spa,muzzle,0,0,0,5,subject22
BUBA102,eng,spa,unicorn,0,1,1,5,subject22
BUBA102,eng,spa,funnel,0,1,0,5,subject22
BUBA102,eng,spa,accordion,0,0,1,5,subject22
BUBA102,eng,spa,noose,0,1,0,5,subject22
BUBA102,eng,spa,asparagus,0,0,1,5,subject22
BUBA102,eng,spa,compass,0,0,1,5,subject22
BUBA102,eng,spa,latch,0,0,0,6,subject22
BUBA102,eng,spa,tripod,1,1,1,6,subject22
BUBA102,eng,spa,scroll,0,0,0,6,subject22
BUBA102,eng,spa,tongs,0,0,0,6,subject22
BUBA102,eng,spa,sphinx,0,0,1,6,subject22
BUBA102,eng,spa,yoke,0,0,0,6,subject22
BUBA102,eng,spa,trellis,0,0,0,6,subject22
BUBA102,eng,spa,protractor,0,0,0,6,subject22
BUBA102,eng,spa,abacus,0,1,1,6,subject22
BUBA108,eng,spa,comb,1,0,0,1,subject23
BUBA108,eng,spa,flower,1,0,1,1,subject23
BUBA108,eng,spa,helicopter,0,0,1,2,subject23
BUBA108,eng,spa,broom,1,0,0,2,subject23
BUBA108,eng,spa,octopus,1,0,0,2,subject23
BUBA108,eng,spa,mushroom,0,0,0,2,subject23
BUBA108,eng,spa,hanger,1,0,0,2,subject23
BUBA108,eng,spa,wheelchair,0,0,0,2,subject23
BUBA108,eng,spa,camel,1,0,1,2,subject23
BUBA108,eng,spa,mask,1,0,1,2,subject23
BUBA108,eng,spa,racquet,0,0,1,3,subject23
BUBA108,eng,spa,snail,1,0,0,3,subject23
BUBA108,eng,spa,volcano,1,0,1,3,subject23
BUBA108,eng,spa,seahorse,0,0,0,3,subject23
BUBA108,eng,spa,dart,0,0,1,3,subject23
BUBA108,eng,spa,canoe,0,0,1,3,subject23
BUBA108,eng,spa,wreath,0,0,0,3,subject23
BUBA108,eng,spa,beaver,0,0,0,3,subject23
BUBA108,eng,spa,harmonica,0,0,1,3,subject23
BUBA108,eng,spa,rhinoceros,0,0,1,4,subject23
BUBA108,eng,spa,acorn,1,0,0,4,subject23
BUBA108,eng,spa,igloo,1,0,1,4,subject23
BUBA108,eng,spa,stilts,0,0,0,4,subject23
BUBA108,eng,spa,dominos,0,0,1,4,subject23
BUBA108,eng,spa,harp,0,0,1,4,subject23
BUBA108,eng,spa,hammock,0,0,1,4,subject23
BUBA108,eng,spa,knocker,0,0,0,4,subject23
BUBA108,eng,spa,pyramid,0,0,1,5,subject23
BUBA108,eng,spa,muzzle,0,0,0,5,subject23
BUBA108,eng,spa,unicorn,1,0,1,5,subject23
BUBA108,eng,spa,funnel,0,0,0,5,subject23
BUBA108,eng,spa,accordion,0,0,1,5,subject23
BUBA108,eng,spa,noose,0,0,0,5,subject23
BUBA108,eng,spa,asparagus,0,0,1,5,subject23
BUBA108,eng,spa,compass,0,0,1,5,subject23
BUBA108,eng,spa,latch,0,0,0,6,subject23
BUBA108,eng,spa,tripod,0,0,1,6,subject23
BUBA108,eng,spa,scroll,0,0,0,6,subject23
BUBA108,eng,spa,tongs,0,0,0,6,subject23
BUBA108,eng,spa,sphinx,0,0,1,6,subject23
BUBA108,eng,spa,yoke,0,0,0,6,subject23
BUBA108,eng,spa,trellis,0,0,0,6,subject23
BUBA108,eng,spa,protractor,0,0,0,6,subject23
BUBA108,eng,spa,abacus,0,0,1,6,subject23
BUBA109,eng,spa,comb,1,0,0,1,subject24
BUBA109,eng,spa,flower,1,0,1,1,subject24
BUBA109,eng,spa,helicopter,0,0,1,2,subject24
BUBA109,eng,spa,broom,1,0,0,2,subject24
BUBA109,eng,spa,octopus,1,0,0,2,subject24
BUBA109,eng,spa,mushroom,1,0,0,2,subject24
BUBA109,eng,spa,hanger,1,0,0,2,subject24
BUBA109,eng,spa,wheelchair,0,0,0,2,subject24
BUBA109,eng,spa,camel,1,0,1,2,subject24
BUBA109,eng,spa,mask,1,1,1,2,subject24
BUBA109,eng,spa,racquet,1,0,1,3,subject24
BUBA109,eng,spa,snail,1,0,0,3,subject24
BUBA109,eng,spa,volcano,1,0,1,3,subject24
BUBA109,eng,spa,seahorse,0,0,0,3,subject24
BUBA109,eng,spa,dart,0,0,1,3,subject24
BUBA109,eng,spa,canoe,1,0,1,3,subject24
BUBA109,eng,spa,wreath,0,0,0,3,subject24
BUBA109,eng,spa,beaver,1,0,0,3,subject24
BUBA109,eng,spa,harmonica,1,0,1,3,subject24
BUBA109,eng,spa,rhinoceros,1,0,1,4,subject24
BUBA109,eng,spa,acorn,0,0,0,4,subject24
BUBA109,eng,spa,igloo,0,0,1,4,subject24
BUBA109,eng,spa,stilts,0,0,0,4,subject24
BUBA109,eng,spa,dominos,0,0,1,4,subject24
BUBA109,eng,spa,harp,1,0,1,4,subject24
BUBA109,eng,spa,hammock,0,0,1,4,subject24
BUBA109,eng,spa,knocker,0,0,0,4,subject24
BUBA109,eng,spa,pyramid,0,0,1,5,subject24
BUBA109,eng,spa,muzzle,0,0,0,5,subject24
BUBA109,eng,spa,unicorn,0,0,1,5,subject24
BUBA109,eng,spa,funnel,1,0,0,5,subject24
BUBA109,eng,spa,accordion,0,0,1,5,subject24
BUBA109,eng,spa,noose,1,0,0,5,subject24
BUBA109,eng,spa,asparagus,0,0,1,5,subject24
BUBA109,eng,spa,compass,0,0,1,5,subject24
BUBA109,eng,spa,latch,0,0,0,6,subject24
BUBA109,eng,spa,tripod,0,0,1,6,subject24
BUBA109,eng,spa,scroll,0,0,0,6,subject24
BUBA109,eng,spa,tongs,0,0,0,6,subject24
BUBA109,eng,spa,sphinx,0,0,1,6,subject24
BUBA109,eng,spa,yoke,0,0,0,6,subject24
BUBA109,eng,spa,trellis,0,0,0,6,subject24
BUBA109,eng,spa,protractor,0,0,0,6,subject24
BUBA109,eng,spa,abacus,0,0,1,6,subject24
BUBA112,eng,spa,comb,0,1,0,1,subject25
BUBA112,eng,spa,flower,1,1,1,1,subject25
BUBA112,eng,spa,helicopter,1,1,1,2,subject25
BUBA112,eng,spa,broom,0,1,0,2,subject25
BUBA112,eng,spa,octopus,1,1,0,2,subject25
BUBA112,eng,spa,mushroom,1,1,0,2,subject25
BUBA112,eng,spa,hanger,0,1,0,2,subject25
BUBA112,eng,spa,wheelchair,1,1,0,2,subject25
BUBA112,eng,spa,camel,1,1,1,2,subject25
BUBA112,eng,spa,mask,1,1,1,2,subject25
BUBA112,eng,spa,racquet,1,1,1,3,subject25
BUBA112,eng,spa,snail,1,1,0,3,subject25
BUBA112,eng,spa,volcano,0,1,1,3,subject25
BUBA112,eng,spa,seahorse,1,1,0,3,subject25
BUBA112,eng,spa,dart,1,1,1,3,subject25
BUBA112,eng,spa,canoe,0,1,1,3,subject25
BUBA112,eng,spa,wreath,0,1,0,3,subject25
BUBA112,eng,spa,beaver,0,0,0,3,subject25
BUBA112,eng,spa,harmonica,0,1,1,3,subject25
BUBA112,eng,spa,rhinoceros,0,1,1,4,subject25
BUBA112,eng,spa,acorn,0,0,0,4,subject25
BUBA112,eng,spa,igloo,1,1,1,4,subject25
BUBA112,eng,spa,stilts,0,1,0,4,subject25
BUBA112,eng,spa,dominos,0,0,1,4,subject25
BUBA112,eng,spa,harp,0,1,1,4,subject25
BUBA112,eng,spa,hammock,1,1,1,4,subject25
BUBA112,eng,spa,knocker,0,0,0,4,subject25
BUBA112,eng,spa,pyramid,0,1,1,5,subject25
BUBA112,eng,spa,muzzle,0,1,0,5,subject25
BUBA112,eng,spa,unicorn,1,1,1,5,subject25
BUBA112,eng,spa,funnel,0,1,0,5,subject25
BUBA112,eng,spa,accordion,0,1,1,5,subject25
BUBA112,eng,spa,noose,0,0,0,5,subject25
BUBA112,eng,spa,asparagus,1,0,1,5,subject25
BUBA112,eng,spa,compass,0,0,1,5,subject25
BUBA112,eng,spa,latch,0,0,0,6,subject25
BUBA112,eng,spa,tripod,0,1,1,6,subject25
BUBA112,eng,spa,scroll,0,1,0,6,subject25
BUBA112,eng,spa,tongs,0,0,0,6,subject25
BUBA112,eng,spa,sphinx,0,0,1,6,subject25
BUBA112,eng,spa,yoke,0,0,0,6,subject25
BUBA112,eng,spa,trellis,0,0,0,6,subject25
BUBA112,eng,spa,protractor,0,0,0,6,subject25
BUBA112,eng,spa,abacus,0,1,1,6,subject25
BUBA113,eng,spa,comb,1,1,0,1,subject26
BUBA113,eng,spa,flower,1,1,1,1,subject26
BUBA113,eng,spa,helicopter,1,1,1,2,subject26
BUBA113,eng,spa,broom,1,1,0,2,subject26
BUBA113,eng,spa,octopus,1,0,0,2,subject26
BUBA113,eng,spa,mushroom,1,1,0,2,subject26
BUBA113,eng,spa,hanger,1,1,0,2,subject26
BUBA113,eng,spa,wheelchair,1,1,0,2,subject26
BUBA113,eng,spa,camel,1,1,1,2,subject26
BUBA113,eng,spa,mask,1,1,1,2,subject26
BUBA113,eng,spa,racquet,1,1,1,3,subject26
BUBA113,eng,spa,snail,1,1,0,3,subject26
BUBA113,eng,spa,volcano,1,1,1,3,subject26
BUBA113,eng,spa,seahorse,1,1,0,3,subject26
BUBA113,eng,spa,dart,1,1,1,3,subject26
BUBA113,eng,spa,canoe,1,0,1,3,subject26
BUBA113,eng,spa,wreath,1,0,0,3,subject26
BUBA113,eng,spa,beaver,1,0,0,3,subject26
BUBA113,eng,spa,harmonica,1,1,1,3,subject26
BUBA113,eng,spa,rhinoceros,1,0,1,4,subject26
BUBA113,eng,spa,acorn,1,0,0,4,subject26
BUBA113,eng,spa,igloo,1,1,1,4,subject26
BUBA113,eng,spa,stilts,1,1,0,4,subject26
BUBA113,eng,spa,dominos,1,1,1,4,subject26
BUBA113,eng,spa,harp,1,1,1,4,subject26
BUBA113,eng,spa,hammock,1,1,1,4,subject26
BUBA113,eng,spa,knocker,1,0,0,4,subject26
BUBA113,eng,spa,pyramid,1,1,1,5,subject26
BUBA113,eng,spa,muzzle,0,0,0,5,subject26
BUBA113,eng,spa,unicorn,1,1,1,5,subject26
BUBA113,eng,spa,funnel,1,1,0,5,subject26
BUBA113,eng,spa,accordion,1,1,1,5,subject26
BUBA113,eng,spa,noose,1,0,0,5,subject26
BUBA113,eng,spa,asparagus,1,1,1,5,subject26
BUBA113,eng,spa,compass,0,0,1,5,subject26
BUBA113,eng,spa,latch,1,0,0,6,subject26
BUBA113,eng,spa,tripod,1,1,1,6,subject26
BUBA113,eng,spa,scroll,1,0,0,6,subject26
BUBA113,eng,spa,tongs,1,0,0,6,subject26
BUBA113,eng,spa,sphinx,0,0,1,6,subject26
BUBA113,eng,spa,yoke,0,0,0,6,subject26
BUBA113,eng,spa,trellis,0,0,0,6,subject26
BUBA113,eng,spa,protractor,0,0,0,6,subject26
BUBA113,eng,spa,abacus,0,0,1,6,subject26