Record.ID,s,word,accuracy,cognate,diff,subject,L2AoA,Language
BUBA020,spa,comb,1,0,1,subject1,35,0
BUBA020,spa,flower,1,1,1,subject1,35,0
BUBA020,spa,helicopter,0,1,2,subject1,35,0
BUBA020,spa,broom,1,0,2,subject1,35,0
BUBA020,spa,octopus,1,0,2,subject1,35,0
BUBA020,spa,mushroom,0,0,2,subject1,35,0
BUBA020,spa,hanger,0,0,2,subject1,35,0
BUBA020,spa,wheelchair,1,0,2,subject1,35,0
BUBA020,spa,camel,0,1,2,subject1,35,0
BUBA020,spa,mask,0,1,2,subject1,35,0
BUBA020,spa,racquet,0,1,3,subject1,35,0
BUBA020,spa,snail,0,0,3,subject1,35,0
BUBA020,spa,volcano,1,1,3,subject1,35,0
BUBA020,spa,seahorse,0,0,3,subject1,35,0
BUBA020,spa,dart,0,1,3,subject1,35,0
BUBA020,spa,canoe,1,1,3,subject1,35,0
BUBA020,spa,wreath,0,0,3,subject1,35,0
BUBA020,spa,beaver,0,0,3,subject1,35,0
BUBA020,spa,harmonica,0,1,3,subject1,35,0
BUBA020,spa,rhinoceros,0,1,4,subject1,35,0
BUBA020,spa,acorn,0,0,4,subject1,35,0
BUBA020,spa,igloo,0,1,4,subject1,35,0
BUBA020,spa,stilts,0,0,4,subject1,35,0
BUBA020,spa,dominos,0,1,4,subject1,35,0
BUBA020,spa,harp,0,1,4,subject1,35,0
BUBA020,spa,hammock,1,1,4,subject1,35,0
BUBA020,spa,knocker,0,0,4,subject1,35,0
BUBA020,spa,pyramid,0,1,5,subject1,35,0
BUBA020,spa,muzzle,1,0,5,subject1,35,0
BUBA020,spa,unicorn,0,1,5,subject1,35,0
BUBA020,spa,funnel,0,0,5,subject1,35,0
BUBA020,spa,accordion,0,1,5,subject1,35,0
BUBA020,spa,noose,0,0,5,subject1,35,0
BUBA020,spa,asparagus,0,1,5,subject1,35,0
BUBA020,spa,compass,0,1,5,subject1,35,0
BUBA020,spa,latch,0,0,6,subject1,35,0
BUBA020,spa,tripod,0,1,6,subject1,35,0
BUBA020,spa,scroll,0,0,6,subject1,35,0
BUBA020,spa,tongs,0,0,6,subject1,35,0
BUBA020,spa,sphinx,0,1,6,subject1,35,0
BUBA020,spa,yoke,0,0,6,subject1,35,0
BUBA020,spa,trellis,0,0,6,subject1,35,0
BUBA020,spa,protractor,0,0,6,subject1,35,0
BUBA020,spa,abacus,0,1,6,subject1,35,0
BUBA024,spa,comb,1,0,1,subject2,6,0
BUBA024,spa,flower,1,1,1,subject2,6,0
BUBA024,spa,helicopter,1,1,2,subject2,6,0
BUBA024,spa,broom,0,0,2,subject2,6,0
BUBA024,spa,octopus,0,0,2,subject2,6,0
BUBA024,spa,mushroom,1,0,2,subject2,6,0
BUBA024,spa,hanger,1,0,2,subject2,6,0
BUBA024,spa,wheelchair,0,0,2,subject2,6,0
BUBA024,spa,camel,1,1,2,subject2,6,0
BUBA024,spa,mask,1,1,2,subject2,6,0
BUBA024,spa,racquet,0,1,3,subject2,6,0
BUBA024,spa,snail,1,0,3,subject2,6,0
BUBA024,spa,volcano,1,1,3,subject2,6,0
BUBA024,spa,seahorse,0,0,3,subject2,6,0
BUBA024,spa,dart,0,1,3,subject2,6,0
BUBA024,spa,canoe,0,1,3,subject2,6,0
BUBA024,spa,wreath,0,0,3,subject2,6,0
BUBA024,spa,beaver,0,0,3,subject2,6,0
BUBA024,spa,harmonica,1,1,3,subject2,6,0
BUBA024,spa,rhinoceros,1,1,4,subject2,6,0
BUBA024,spa,acorn,0,0,4,subject2,6,0
BUBA024,spa,igloo,1,1,4,subject2,6,0
BUBA024,spa,stilts,0,0,4,subject2,6,0
BUBA024,spa,dominos,0,1,4,subject2,6,0
BUBA024,spa,harp,0,1,4,subject2,6,0
BUBA024,spa,hammock,1,1,4,subject2,6,0
BUBA024,spa,knocker,0,0,4,subject2,6,0
BUBA024,spa,pyramid,1,1,5,subject2,6,0
BUBA024,spa,muzzle,0,0,5,subject2,6,0
BUBA024,spa,unicorn,1,1,5,subject2,6,0
BUBA024,spa,funnel,0,0,5,subject2,6,0
BUBA024,spa,accordion,0,1,5,subject2,6,0
BUBA024,spa,noose,0,0,5,subject2,6,0
BUBA024,spa,asparagus,1,1,5,subject2,6,0
BUBA024,spa,compass,0,1,5,subject2,6,0
BUBA024,spa,latch,0,0,6,subject2,6,0
BUBA024,spa,tripod,0,1,6,subject2,6,0
BUBA024,spa,scroll,0,0,6,subject2,6,0
BUBA024,spa,tongs,0,0,6,subject2,6,0
BUBA024,spa,sphinx,0,1,6,subject2,6,0
BUBA024,spa,yoke,0,0,6,subject2,6,0
BUBA024,spa,trellis,0,0,6,subject2,6,0
BUBA024,spa,protractor,0,0,6,subject2,6,0
BUBA024,spa,abacus,0,1,6,subject2,6,0
BUBA046,spa,comb,0,0,1,subject3,0,0
BUBA046,spa,flower,0,1,1,subject3,0,0
BUBA046,spa,helicopter,0,1,2,subject3,0,0
BUBA046,spa,broom,0,0,2,subject3,0,0
BUBA046,spa,octopus,0,0,2,subject3,0,0
BUBA046,spa,mushroom,0,0,2,subject3,0,0
BUBA046,spa,hanger,0,0,2,subject3,0,0
BUBA046,spa,wheelchair,0,0,2,subject3,0,0
BUBA046,spa,camel,0,1,2,subject3,0,0
BUBA046,spa,mask,0,1,2,subject3,0,0
BUBA046,spa,racquet,0,1,3,subject3,0,0
BUBA046,spa,snail,0,0,3,subject3,0,0
BUBA046,spa,volcano,0,1,3,subject3,0,0
BUBA046,spa,seahorse,0,0,3,subject3,0,0
BUBA046,spa,dart,0,1,3,subject3,0,0
BUBA046,spa,canoe,0,1,3,subject3,0,0
BUBA046,spa,wreath,0,0,3,subject3,0,0
BUBA046,spa,beaver,0,0,3,subject3,0,0
BUBA046,spa,harmonica,0,1,3,subject3,0,0
BUBA046,spa,rhinoceros,0,1,4,subject3,0,0
BUBA046,spa,acorn,0,0,4,subject3,0,0
BUBA046,spa,igloo,0,1,4,subject3,0,0
BUBA046,spa,stilts,0,0,4,subject3,0,0
BUBA046,spa,dominos,0,1,4,subject3,0,0
BUBA046,spa,harp,0,1,4,subject3,0,0
BUBA046,spa,hammock,0,1,4,subject3,0,0
BUBA046,spa,knocker,NA,0,4,subject3,0,0
BUBA046,spa,pyramid,0,1,5,subject3,0,0
BUBA046,spa,muzzle,0,0,5,subject3,0,0
BUBA046,spa,unicorn,0,1,5,subject3,0,0
BUBA046,spa,funnel,0,0,5,subject3,0,0
BUBA046,spa,accordion,0,1,5,subject3,0,0
BUBA046,spa,noose,0,0,5,subject3,0,0
BUBA046,spa,asparagus,0,1,5,subject3,0,0
BUBA046,spa,compass,0,1,5,subject3,0,0
BUBA046,spa,latch,0,0,6,subject3,0,0
BUBA046,spa,tripod,0,1,6,subject3,0,0
BUBA046,spa,scroll,0,0,6,subject3,0,0
BUBA046,spa,tongs,0,0,6,subject3,0,0
BUBA046,spa,sphinx,0,1,6,subject3,0,0
BUBA046,spa,yoke,0,0,6,subject3,0,0
BUBA046,spa,trellis,0,0,6,subject3,0,0
BUBA046,spa,protractor,0,0,6,subject3,0,0
BUBA046,spa,abacus,0,1,6,subject3,0,0
BUBA061,spa,comb,1,0,1,subject4,6,0
BUBA061,spa,flower,1,1,1,subject4,6,0
BUBA061,spa,helicopter,1,1,2,subject4,6,0
BUBA061,spa,broom,0,0,2,subject4,6,0
BUBA061,spa,octopus,0,0,2,subject4,6,0
BUBA061,spa,mushroom,1,0,2,subject4,6,0
BUBA061,spa,hanger,1,0,2,subject4,6,0
BUBA061,spa,wheelchair,1,0,2,subject4,6,0
BUBA061,spa,camel,1,1,2,subject4,6,0
BUBA061,spa,mask,1,1,2,subject4,6,0
BUBA061,spa,racquet,1,1,3,subject4,6,0
BUBA061,spa,snail,0,0,3,subject4,6,0
BUBA061,spa,volcano,1,1,3,subject4,6,0
BUBA061,spa,seahorse,0,0,3,subject4,6,0
BUBA061,spa,dart,1,1,3,subject4,6,0
BUBA061,spa,canoe,0,1,3,subject4,6,0
BUBA061,spa,wreath,0,0,3,subject4,6,0
BUBA061,spa,beaver,0,0,3,subject4,6,0
BUBA061,spa,harmonica,1,1,3,subject4,6,0
BUBA061,spa,rhinoceros,0,1,4,subject4,6,0
BUBA061,spa,acorn,0,0,4,subject4,6,0
BUBA061,spa,igloo,1,1,4,subject4,6,0
BUBA061,spa,stilts,0,0,4,subject4,6,0
BUBA061,spa,dominos,1,1,4,subject4,6,0
BUBA061,spa,harp,1,1,4,subject4,6,0
BUBA061,spa,hammock,0,1,4,subject4,6,0
BUBA061,spa,knocker,0,0,4,subject4,6,0
BUBA061,spa,pyramid,0,1,5,subject4,6,0
BUBA061,spa,muzzle,0,0,5,subject4,6,0
BUBA061,spa,unicorn,1,1,5,subject4,6,0
BUBA061,spa,funnel,0,0,5,subject4,6,0
BUBA061,spa,accordion,1,1,5,subject4,6,0
BUBA061,spa,noose,0,0,5,subject4,6,0
BUBA061,spa,asparagus,1,1,5,subject4,6,0
BUBA061,spa,compass,0,1,5,subject4,6,0
BUBA061,spa,latch,0,0,6,subject4,6,0
BUBA061,spa,tripod,0,1,6,subject4,6,0
BUBA061,spa,scroll,0,0,6,subject4,6,0
BUBA061,spa,tongs,0,0,6,subject4,6,0
BUBA061,spa,sphinx,0,1,6,subject4,6,0
BUBA061,spa,yoke,0,0,6,subject4,6,0
BUBA061,spa,trellis,0,0,6,subject4,6,0
BUBA061,spa,protractor,0,0,6,subject4,6,0
BUBA061,spa,abacus,1,1,6,subject4,6,0
BUBA066,spa,comb,0,0,1,subject5,5,0
BUBA066,spa,flower,0,1,1,subject5,5,0
BUBA066,spa,helicopter,0,1,2,subject5,5,0
BUBA066,spa,broom,0,0,2,subject5,5,0
BUBA066,spa,octopus,0,0,2,subject5,5,0
BUBA066,spa,mushroom,0,0,2,subject5,5,0
BUBA066,spa,hanger,0,0,2,subject5,5,0
BUBA066,spa,wheelchair,0,0,2,subject5,5,0
BUBA066,spa,camel,0,1,2,subject5,5,0
BUBA066,spa,mask,0,1,2,subject5,5,0
BUBA066,spa,racquet,0,1,3,subject5,5,0
BUBA066,spa,snail,0,0,3,subject5,5,0
BUBA066,spa,volcano,0,1,3,subject5,5,0
BUBA066,spa,seahorse,0,0,3,subject5,5,0
BUBA066,spa,dart,0,1,3,subject5,5,0
BUBA066,spa,canoe,0,1,3,subject5,5,0
BUBA066,spa,wreath,0,0,3,subject5,5,0
BUBA066,spa,beaver,0,0,3,subject5,5,0
BUBA066,spa,harmonica,0,1,3,subject5,5,0
BUBA066,spa,rhinoceros,0,1,4,subject5,5,0
BUBA066,spa,acorn,0,0,4,subject5,5,0
BUBA066,spa,igloo,0,1,4,subject5,5,0
BUBA066,spa,stilts,0,0,4,subject5,5,0
BUBA066,spa,dominos,1,1,4,subject5,5,0
BUBA066,spa,harp,0,1,4,subject5,5,0
BUBA066,spa,hammock,0,1,4,subject5,5,0
BUBA066,spa,knocker,0,0,4,subject5,5,0
BUBA066,spa,pyramid,0,1,5,subject5,5,0
BUBA066,spa,muzzle,0,0,5,subject5,5,0
BUBA066,spa,unicorn,0,1,5,subject5,5,0
BUBA066,spa,funnel,0,0,5,subject5,5,0
BUBA066,spa,accordion,0,1,5,subject5,5,0
BUBA066,spa,noose,0,0,5,subject5,5,0
BUBA066,spa,asparagus,0,1,5,subject5,5,0
BUBA066,spa,compass,0,1,5,subject5,5,0
BUBA066,spa,latch,0,0,6,subject5,5,0
BUBA066,spa,tripod,0,1,6,subject5,5,0
BUBA066,spa,scroll,0,0,6,subject5,5,0
BUBA066,spa,tongs,0,0,6,subject5,5,0
BUBA066,spa,sphinx,0,1,6,subject5,5,0
BUBA066,spa,yoke,0,0,6,subject5,5,0
BUBA066,spa,trellis,0,0,6,subject5,5,0
BUBA066,spa,protractor,0,0,6,subject5,5,0
BUBA066,spa,abacus,0,1,6,subject5,5,0
BUBA072,spa,comb,0,0,1,subject6,27,0
BUBA072,spa,flower,1,1,1,subject6,27,0
BUBA072,spa,helicopter,1,1,2,subject6,27,0
BUBA072,spa,broom,1,0,2,subject6,27,0
BUBA072,spa,octopus,1,0,2,subject6,27,0
BUBA072,spa,mushroom,1,0,2,subject6,27,0
BUBA072,spa,hanger,1,0,2,subject6,27,0
BUBA072,spa,wheelchair,1,0,2,subject6,27,0
BUBA072,spa,camel,1,1,2,subject6,27,0
BUBA072,spa,mask,1,1,2,subject6,27,0
BUBA072,spa,racquet,1,1,3,subject6,27,0
BUBA072,spa,snail,0,0,3,subject6,27,0
BUBA072,spa,volcano,1,1,3,subject6,27,0
BUBA072,spa,seahorse,1,0,3,subject6,27,0
BUBA072,spa,dart,0,1,3,subject6,27,0
BUBA072,spa,canoe,1,1,3,subject6,27,0
BUBA072,spa,wreath,0,0,3,subject6,27,0
BUBA072,spa,beaver,1,0,3,subject6,27,0
BUBA072,spa,harmonica,1,1,3,subject6,27,0
BUBA072,spa,rhinoceros,1,1,4,subject6,27,0
BUBA072,spa,acorn,0,0,4,subject6,27,0
BUBA072,spa,igloo,1,1,4,subject6,27,0
BUBA072,spa,stilts,0,0,4,subject6,27,0
BUBA072,spa,dominos,0,1,4,subject6,27,0
BUBA072,spa,harp,1,1,4,subject6,27,0
BUBA072,spa,hammock,0,1,4,subject6,27,0
BUBA072,spa,knocker,0,0,4,subject6,27,0
BUBA072,spa,pyramid,0,1,5,subject6,27,0
BUBA072,spa,muzzle,0,0,5,subject6,27,0
BUBA072,spa,unicorn,0,1,5,subject6,27,0
BUBA072,spa,funnel,1,0,5,subject6,27,0
BUBA072,spa,accordion,1,1,5,subject6,27,0
BUBA072,spa,noose,0,0,5,subject6,27,0
BUBA072,spa,asparagus,0,1,5,subject6,27,0
BUBA072,spa,compass,1,1,5,subject6,27,0
BUBA072,spa,latch,0,0,6,subject6,27,0
BUBA072,spa,tripod,1,1,6,subject6,27,0
BUBA072,spa,scroll,0,0,6,subject6,27,0
BUBA072,spa,tongs,0,0,6,subject6,27,0
BUBA072,spa,sphinx,0,1,6,subject6,27,0
BUBA072,spa,yoke,0,0,6,subject6,27,0
BUBA072,spa,trellis,0,0,6,subject6,27,0
BUBA072,spa,protractor,0,0,6,subject6,27,0
BUBA072,spa,abacus,0,1,6,subject6,27,0
BUBA076,spa,comb,1,0,1,subject7,18,0
BUBA076,spa,flower,1,1,1,subject7,18,0
BUBA076,spa,helicopter,1,1,2,subject7,18,0
BUBA076,spa,broom,1,0,2,subject7,18,0
BUBA076,spa,octopus,1,0,2,subject7,18,0
BUBA076,spa,mushroom,1,0,2,subject7,18,0
BUBA076,spa,hanger,1,0,2,subject7,18,0
BUBA076,spa,wheelchair,1,0,2,subject7,18,0
BUBA076,spa,camel,1,1,2,subject7,18,0
BUBA076,spa,mask,1,1,2,subject7,18,0
BUBA076,spa,racquet,1,1,3,subject7,18,0
BUBA076,spa,snail,1,0,3,subject7,18,0
BUBA076,spa,volcano,1,1,3,subject7,18,0
BUBA076,spa,seahorse,1,0,3,subject7,18,0
BUBA076,spa,dart,0,1,3,subject7,18,0
BUBA076,spa,canoe,0,1,3,subject7,18,0
BUBA076,spa,wreath,0,0,3,subject7,18,0
BUBA076,spa,beaver,1,0,3,subject7,18,0
BUBA076,spa,harmonica,1,1,3,subject7,18,0
BUBA076,spa,rhinoceros,0,1,4,subject7,18,0
BUBA076,spa,acorn,0,0,4,subject7,18,0
BUBA076,spa,igloo,1,1,4,subject7,18,0
BUBA076,spa,stilts,0,0,4,subject7,18,0
BUBA076,spa,dominos,1,1,4,subject7,18,0
BUBA076,spa,harp,0,1,4,subject7,18,0
BUBA076,spa,hammock,1,1,4,subject7,18,0
BUBA076,spa,knocker,0,0,4,subject7,18,0
BUBA076,spa,pyramid,1,1,5,subject7,18,0
BUBA076,spa,muzzle,0,0,5,subject7,18,0
BUBA076,spa,unicorn,1,1,5,subject7,18,0
BUBA076,spa,funnel,0,0,5,subject7,18,0
BUBA076,spa,accordion,0,1,5,subject7,18,0
BUBA076,spa,noose,1,0,5,subject7,18,0
BUBA076,spa,asparagus,1,1,5,subject7,18,0
BUBA076,spa,compass,1,1,5,subject7,18,0
BUBA076,spa,latch,1,0,6,subject7,18,0
BUBA076,spa,tripod,0,1,6,subject7,18,0
BUBA076,spa,scroll,0,0,6,subject7,18,0
BUBA076,spa,tongs,0,0,6,subject7,18,0
BUBA076,spa,sphinx,0,1,6,subject7,18,0
BUBA076,spa,yoke,0,0,6,subject7,18,0
BUBA076,spa,trellis,0,0,6,subject7,18,0
BUBA076,spa,protractor,1,0,6,subject7,18,0
BUBA076,spa,abacus,0,1,6,subject7,18,0
BUBA078,spa,comb,1,0,1,subject8,12,0
BUBA078,spa,flower,1,1,1,subject8,12,0
BUBA078,spa,helicopter,0,1,2,subject8,12,0
BUBA078,spa,broom,1,0,2,subject8,12,0
BUBA078,spa,octopus,1,0,2,subject8,12,0
BUBA078,spa,mushroom,1,0,2,subject8,12,0
BUBA078,spa,hanger,0,0,2,subject8,12,0
BUBA078,spa,wheelchair,0,0,2,subject8,12,0
BUBA078,spa,camel,0,1,2,subject8,12,0
BUBA078,spa,mask,0,1,2,subject8,12,0
BUBA078,spa,racquet,0,1,3,subject8,12,0
BUBA078,spa,snail,0,0,3,subject8,12,0
BUBA078,spa,volcano,1,1,3,subject8,12,0
BUBA078,spa,seahorse,0,0,3,subject8,12,0
BUBA078,spa,dart,1,1,3,subject8,12,0
BUBA078,spa,canoe,0,1,3,subject8,12,0
BUBA078,spa,wreath,0,0,3,subject8,12,0
BUBA078,spa,beaver,0,0,3,subject8,12,0
BUBA078,spa,harmonica,0,1,3,subject8,12,0
BUBA078,spa,rhinoceros,0,1,4,subject8,12,0
BUBA078,spa,acorn,0,0,4,subject8,12,0
BUBA078,spa,igloo,0,1,4,subject8,12,0
BUBA078,spa,stilts,0,0,4,subject8,12,0
BUBA078,spa,dominos,0,1,4,subject8,12,0
BUBA078,spa,harp,0,1,4,subject8,12,0
BUBA078,spa,hammock,0,1,4,subject8,12,0
BUBA078,spa,knocker,0,0,4,subject8,12,0
BUBA078,spa,pyramid,0,1,5,subject8,12,0
BUBA078,spa,muzzle,0,0,5,subject8,12,0
BUBA078,spa,unicorn,0,1,5,subject8,12,0
BUBA078,spa,funnel,0,0,5,subject8,12,0
BUBA078,spa,accordion,0,1,5,subject8,12,0
BUBA078,spa,noose,0,0,5,subject8,12,0
BUBA078,spa,asparagus,0,1,5,subject8,12,0
BUBA078,spa,compass,0,1,5,subject8,12,0
BUBA078,spa,latch,0,0,6,subject8,12,0
BUBA078,spa,tripod,0,1,6,subject8,12,0
BUBA078,spa,scroll,0,0,6,subject8,12,0
BUBA078,spa,tongs,0,0,6,subject8,12,0
BUBA078,spa,sphinx,1,1,6,subject8,12,0
BUBA078,spa,yoke,0,0,6,subject8,12,0
BUBA078,spa,trellis,0,0,6,subject8,12,0
BUBA078,spa,protractor,0,0,6,subject8,12,0
BUBA078,spa,abacus,0,1,6,subject8,12,0
BUBA079,spa,comb,1,0,1,subject9,18,0
BUBA079,spa,flower,0,1,1,subject9,18,0
BUBA079,spa,helicopter,1,1,2,subject9,18,0
BUBA079,spa,broom,1,0,2,subject9,18,0
BUBA079,spa,octopus,1,0,2,subject9,18,0
BUBA079,spa,mushroom,1,0,2,subject9,18,0
BUBA079,spa,hanger,1,0,2,subject9,18,0
BUBA079,spa,wheelchair,1,0,2,subject9,18,0
BUBA079,spa,camel,1,1,2,subject9,18,0
BUBA079,spa,mask,0,1,2,subject9,18,0
BUBA079,spa,racquet,1,1,3,subject9,18,0
BUBA079,spa,snail,1,0,3,subject9,18,0
BUBA079,spa,volcano,0,1,3,subject9,18,0
BUBA079,spa,seahorse,1,0,3,subject9,18,0
BUBA079,spa,dart,1,1,3,subject9,18,0
BUBA079,spa,canoe,0,1,3,subject9,18,0
BUBA079,spa,wreath,0,0,3,subject9,18,0
BUBA079,spa,beaver,0,0,3,subject9,18,0
BUBA079,spa,harmonica,1,1,3,subject9,18,0
BUBA079,spa,rhinoceros,0,1,4,subject9,18,0
BUBA079,spa,acorn,0,0,4,subject9,18,0
BUBA079,spa,igloo,0,1,4,subject9,18,0
BUBA079,spa,stilts,0,0,4,subject9,18,0
BUBA079,spa,dominos,1,1,4,subject9,18,0
BUBA079,spa,harp,1,1,4,subject9,18,0
BUBA079,spa,hammock,1,1,4,subject9,18,0
BUBA079,spa,knocker,0,0,4,subject9,18,0
BUBA079,spa,pyramid,0,1,5,subject9,18,0
BUBA079,spa,muzzle,0,0,5,subject9,18,0
BUBA079,spa,unicorn,0,1,5,subject9,18,0
BUBA079,spa,funnel,1,0,5,subject9,18,0
BUBA079,spa,accordion,1,1,5,subject9,18,0
BUBA079,spa,noose,1,0,5,subject9,18,0
BUBA079,spa,asparagus,1,1,5,subject9,18,0
BUBA079,spa,compass,0,1,5,subject9,18,0
BUBA079,spa,latch,1,0,6,subject9,18,0
BUBA079,spa,tripod,0,1,6,subject9,18,0
BUBA079,spa,scroll,0,0,6,subject9,18,0
BUBA079,spa,tongs,0,0,6,subject9,18,0
BUBA079,spa,sphinx,0,1,6,subject9,18,0
BUBA079,spa,yoke,0,0,6,subject9,18,0
BUBA079,spa,trellis,0,0,6,subject9,18,0
BUBA079,spa,protractor,0,0,6,subject9,18,0
BUBA079,spa,abacus,0,1,6,subject9,18,0
BUBA080,spa,comb,1,0,1,subject10,10,0
BUBA080,spa,flower,1,1,1,subject10,10,0
BUBA080,spa,helicopter,1,1,2,subject10,10,0
BUBA080,spa,broom,1,0,2,subject10,10,0
BUBA080,spa,octopus,1,0,2,subject10,10,0
BUBA080,spa,mushroom,0,0,2,subject10,10,0
BUBA080,spa,hanger,1,0,2,subject10,10,0
BUBA080,spa,wheelchair,1,0,2,subject10,10,0
BUBA080,spa,camel,1,1,2,subject10,10,0
BUBA080,spa,mask,1,1,2,subject10,10,0
BUBA080,spa,racquet,0,1,3,subject10,10,0
BUBA080,spa,snail,1,0,3,subject10,10,0
BUBA080,spa,volcano,0,1,3,subject10,10,0
BUBA080,spa,seahorse,1,0,3,subject10,10,0
BUBA080,spa,dart,0,1,3,subject10,10,0
BUBA080,spa,canoe,1,1,3,subject10,10,0
BUBA080,spa,wreath,0,0,3,subject10,10,0
BUBA080,spa,beaver,0,0,3,subject10,10,0
BUBA080,spa,harmonica,1,1,3,subject10,10,0
BUBA080,spa,rhinoceros,1,1,4,subject10,10,0
BUBA080,spa,acorn,0,0,4,subject10,10,0
BUBA080,spa,igloo,1,1,4,subject10,10,0
BUBA080,spa,stilts,0,0,4,subject10,10,0
BUBA080,spa,dominos,1,1,4,subject10,10,0
BUBA080,spa,harp,0,1,4,subject10,10,0
BUBA080,spa,hammock,1,1,4,subject10,10,0
BUBA080,spa,knocker,0,0,4,subject10,10,0
BUBA080,spa,pyramid,0,1,5,subject10,10,0
BUBA080,spa,muzzle,0,0,5,subject10,10,0
BUBA080,spa,unicorn,0,1,5,subject10,10,0
BUBA080,spa,funnel,0,0,5,subject10,10,0
BUBA080,spa,accordion,1,1,5,subject10,10,0
BUBA080,spa,noose,0,0,5,subject10,10,0
BUBA080,spa,asparagus,0,1,5,subject10,10,0
BUBA080,spa,compass,0,1,5,subject10,10,0
BUBA080,spa,latch,0,0,6,subject10,10,0
BUBA080,spa,tripod,0,1,6,subject10,10,0
BUBA080,spa,scroll,0,0,6,subject10,10,0
BUBA080,spa,tongs,0,0,6,subject10,10,0
BUBA080,spa,sphinx,0,1,6,subject10,10,0
BUBA080,spa,yoke,0,0,6,subject10,10,0
BUBA080,spa,trellis,0,0,6,subject10,10,0
BUBA080,spa,protractor,0,0,6,subject10,10,0
BUBA080,spa,abacus,0,1,6,subject10,10,0
BUBA083,spa,comb,1,0,1,subject11,15,0
BUBA083,spa,flower,1,1,1,subject11,15,0
BUBA083,spa,helicopter,0,1,2,subject11,15,0
BUBA083,spa,broom,1,0,2,subject11,15,0
BUBA083,spa,octopus,0,0,2,subject11,15,0
BUBA083,spa,mushroom,1,0,2,subject11,15,0
BUBA083,spa,hanger,1,0,2,subject11,15,0
BUBA083,spa,wheelchair,0,0,2,subject11,15,0
BUBA083,spa,camel,1,1,2,subject11,15,0
BUBA083,spa,mask,0,1,2,subject11,15,0
BUBA083,spa,racquet,1,1,3,subject11,15,0
BUBA083,spa,snail,0,0,3,subject11,15,0
BUBA083,spa,volcano,1,1,3,subject11,15,0
BUBA083,spa,seahorse,1,0,3,subject11,15,0
BUBA083,spa,dart,1,1,3,subject11,15,0
BUBA083,spa,canoe,1,1,3,subject11,15,0
BUBA083,spa,wreath,0,0,3,subject11,15,0
BUBA083,spa,beaver,0,0,3,subject11,15,0
BUBA083,spa,harmonica,0,1,3,subject11,15,0
BUBA083,spa,rhinoceros,1,1,4,subject11,15,0
BUBA083,spa,acorn,0,0,4,subject11,15,0
BUBA083,spa,igloo,0,1,4,subject11,15,0
BUBA083,spa,stilts,1,0,4,subject11,15,0
BUBA083,spa,dominos,0,1,4,subject11,15,0
BUBA083,spa,harp,0,1,4,subject11,15,0
BUBA083,spa,hammock,0,1,4,subject11,15,0
BUBA083,spa,knocker,0,0,4,subject11,15,0
BUBA083,spa,pyramid,1,1,5,subject11,15,0
BUBA083,spa,muzzle,0,0,5,subject11,15,0
BUBA083,spa,unicorn,0,1,5,subject11,15,0
BUBA083,spa,funnel,0,0,5,subject11,15,0
BUBA083,spa,accordion,1,1,5,subject11,15,0
BUBA083,spa,noose,1,0,5,subject11,15,0
BUBA083,spa,asparagus,0,1,5,subject11,15,0
BUBA083,spa,compass,0,1,5,subject11,15,0
BUBA083,spa,latch,0,0,6,subject11,15,0
BUBA083,spa,tripod,0,1,6,subject11,15,0
BUBA083,spa,scroll,0,0,6,subject11,15,0
BUBA083,spa,tongs,0,0,6,subject11,15,0
BUBA083,spa,sphinx,0,1,6,subject11,15,0
BUBA083,spa,yoke,0,0,6,subject11,15,0
BUBA083,spa,trellis,0,0,6,subject11,15,0
BUBA083,spa,protractor,0,0,6,subject11,15,0
BUBA083,spa,abacus,0,1,6,subject11,15,0
BUBA084,spa,comb,1,0,1,subject12,11,0
BUBA084,spa,flower,1,1,1,subject12,11,0
BUBA084,spa,helicopter,1,1,2,subject12,11,0
BUBA084,spa,broom,1,0,2,subject12,11,0
BUBA084,spa,octopus,0,0,2,subject12,11,0
BUBA084,spa,mushroom,1,0,2,subject12,11,0
BUBA084,spa,hanger,0,0,2,subject12,11,0
BUBA084,spa,wheelchair,1,0,2,subject12,11,0
BUBA084,spa,camel,0,1,2,subject12,11,0
BUBA084,spa,mask,1,1,2,subject12,11,0
BUBA084,spa,racquet,0,1,3,subject12,11,0
BUBA084,spa,snail,0,0,3,subject12,11,0
BUBA084,spa,volcano,1,1,3,subject12,11,0
BUBA084,spa,seahorse,1,0,3,subject12,11,0
BUBA084,spa,dart,0,1,3,subject12,11,0
BUBA084,spa,canoe,0,1,3,subject12,11,0
BUBA084,spa,wreath,0,0,3,subject12,11,0
BUBA084,spa,beaver,0,0,3,subject12,11,0
BUBA084,spa,harmonica,0,1,3,subject12,11,0
BUBA084,spa,rhinoceros,1,1,4,subject12,11,0
BUBA084,spa,acorn,0,0,4,subject12,11,0
BUBA084,spa,igloo,0,1,4,subject12,11,0
BUBA084,spa,stilts,0,0,4,subject12,11,0
BUBA084,spa,dominos,1,1,4,subject12,11,0
BUBA084,spa,harp,0,1,4,subject12,11,0
BUBA084,spa,hammock,0,1,4,subject12,11,0
BUBA084,spa,knocker,0,0,4,subject12,11,0
BUBA084,spa,pyramid,1,1,5,subject12,11,0
BUBA084,spa,muzzle,0,0,5,subject12,11,0
BUBA084,spa,unicorn,0,1,5,subject12,11,0
BUBA084,spa,funnel,0,0,5,subject12,11,0
BUBA084,spa,accordion,0,1,5,subject12,11,0
BUBA084,spa,noose,0,0,5,subject12,11,0
BUBA084,spa,asparagus,0,1,5,subject12,11,0
BUBA084,spa,compass,0,1,5,subject12,11,0
BUBA084,spa,latch,0,0,6,subject12,11,0
BUBA084,spa,tripod,0,1,6,subject12,11,0
BUBA084,spa,scroll,0,0,6,subject12,11,0
BUBA084,spa,tongs,0,0,6,subject12,11,0
BUBA084,spa,sphinx,0,1,6,subject12,11,0
BUBA084,spa,yoke,0,0,6,subject12,11,0
BUBA084,spa,trellis,0,0,6,subject12,11,0
BUBA084,spa,protractor,0,0,6,subject12,11,0
BUBA084,spa,abacus,0,1,6,subject12,11,0
BUBA085,spa,comb,0,0,1,subject13,3,1
BUBA085,spa,flower,1,1,1,subject13,3,1
BUBA085,spa,helicopter,0,1,2,subject13,3,1
BUBA085,spa,broom,1,0,2,subject13,3,1
BUBA085,spa,octopus,0,0,2,subject13,3,1
BUBA085,spa,mushroom,1,0,2,subject13,3,1
BUBA085,spa,hanger,0,0,2,subject13,3,1
BUBA085,spa,wheelchair,1,0,2,subject13,3,1
BUBA085,spa,camel,1,1,2,subject13,3,1
BUBA085,spa,mask,1,1,2,subject13,3,1
BUBA085,spa,racquet,1,1,3,subject13,3,1
BUBA085,spa,snail,1,0,3,subject13,3,1
BUBA085,spa,volcano,0,1,3,subject13,3,1
BUBA085,spa,seahorse,0,0,3,subject13,3,1
BUBA085,spa,dart,0,1,3,subject13,3,1
BUBA085,spa,canoe,1,1,3,subject13,3,1
BUBA085,spa,wreath,0,0,3,subject13,3,1
BUBA085,spa,beaver,0,0,3,subject13,3,1
BUBA085,spa,harmonica,1,1,3,subject13,3,1
BUBA085,spa,rhinoceros,0,1,4,subject13,3,1
BUBA085,spa,acorn,0,0,4,subject13,3,1
BUBA085,spa,igloo,0,1,4,subject13,3,1
BUBA085,spa,stilts,0,0,4,subject13,3,1
BUBA085,spa,dominos,1,1,4,subject13,3,1
BUBA085,spa,harp,1,1,4,subject13,3,1
BUBA085,spa,hammock,0,1,4,subject13,3,1
BUBA085,spa,knocker,0,0,4,subject13,3,1
BUBA085,spa,pyramid,1,1,5,subject13,3,1
BUBA085,spa,muzzle,0,0,5,subject13,3,1
BUBA085,spa,unicorn,1,1,5,subject13,3,1
BUBA085,spa,funnel,0,0,5,subject13,3,1
BUBA085,spa,accordion,0,1,5,subject13,3,1
BUBA085,spa,noose,0,0,5,subject13,3,1
BUBA085,spa,asparagus,1,1,5,subject13,3,1
BUBA085,spa,compass,0,1,5,subject13,3,1
BUBA085,spa,latch,0,0,6,subject13,3,1
BUBA085,spa,tripod,0,1,6,subject13,3,1
BUBA085,spa,scroll,0,0,6,subject13,3,1
BUBA085,spa,tongs,0,0,6,subject13,3,1
BUBA085,spa,sphinx,0,1,6,subject13,3,1
BUBA085,spa,yoke,0,0,6,subject13,3,1
BUBA085,spa,trellis,0,0,6,subject13,3,1
BUBA085,spa,protractor,0,0,6,subject13,3,1
BUBA085,spa,abacus,0,1,6,subject13,3,1
BUBA089,spa,comb,1,0,1,subject14,3,1
BUBA089,spa,flower,0,1,1,subject14,3,1
BUBA089,spa,helicopter,0,1,2,subject14,3,1
BUBA089,spa,broom,0,0,2,subject14,3,1
BUBA089,spa,octopus,0,0,2,subject14,3,1
BUBA089,spa,mushroom,0,0,2,subject14,3,1
BUBA089,spa,hanger,0,0,2,subject14,3,1
BUBA089,spa,wheelchair,0,0,2,subject14,3,1
BUBA089,spa,camel,1,1,2,subject14,3,1
BUBA089,spa,mask,0,1,2,subject14,3,1
BUBA089,spa,racquet,0,1,3,subject14,3,1
BUBA089,spa,snail,0,0,3,subject14,3,1
BUBA089,spa,volcano,0,1,3,subject14,3,1
BUBA089,spa,seahorse,0,0,3,subject14,3,1
BUBA089,spa,dart,1,1,3,subject14,3,1
BUBA089,spa,canoe,1,1,3,subject14,3,1
BUBA089,spa,wreath,0,0,3,subject14,3,1
BUBA089,spa,beaver,0,0,3,subject14,3,1
BUBA089,spa,harmonica,0,1,3,subject14,3,1
BUBA089,spa,rhinoceros,0,1,4,subject14,3,1
BUBA089,spa,acorn,0,0,4,subject14,3,1
BUBA089,spa,igloo,0,1,4,subject14,3,1
BUBA089,spa,stilts,0,0,4,subject14,3,1
BUBA089,spa,dominos,0,1,4,subject14,3,1
BUBA089,spa,harp,0,1,4,subject14,3,1
BUBA089,spa,hammock,0,1,4,subject14,3,1
BUBA089,spa,knocker,0,0,4,subject14,3,1
BUBA089,spa,pyramid,0,1,5,subject14,3,1
BUBA089,spa,muzzle,0,0,5,subject14,3,1
BUBA089,spa,unicorn,0,1,5,subject14,3,1
BUBA089,spa,funnel,0,0,5,subject14,3,1
BUBA089,spa,accordion,0,1,5,subject14,3,1
BUBA089,spa,noose,0,0,5,subject14,3,1
BUBA089,spa,asparagus,0,1,5,subject14,3,1
BUBA089,spa,compass,0,1,5,subject14,3,1
BUBA089,spa,latch,0,0,6,subject14,3,1
BUBA089,spa,tripod,0,1,6,subject14,3,1
BUBA089,spa,scroll,0,0,6,subject14,3,1
BUBA089,spa,tongs,0,0,6,subject14,3,1
BUBA089,spa,sphinx,0,1,6,subject14,3,1
BUBA089,spa,yoke,0,0,6,subject14,3,1
BUBA089,spa,trellis,0,0,6,subject14,3,1
BUBA089,spa,protractor,0,0,6,subject14,3,1
BUBA089,spa,abacus,0,1,6,subject14,3,1
BUBA090,spa,comb,1,0,1,subject15,12,0
BUBA090,spa,flower,1,1,1,subject15,12,0
BUBA090,spa,helicopter,0,1,2,subject15,12,0
BUBA090,spa,broom,0,0,2,subject15,12,0
BUBA090,spa,octopus,0,0,2,subject15,12,0
BUBA090,spa,mushroom,0,0,2,subject15,12,0
BUBA090,spa,hanger,0,0,2,subject15,12,0
BUBA090,spa,wheelchair,0,0,2,subject15,12,0
BUBA090,spa,camel,0,1,2,subject15,12,0
BUBA090,spa,mask,0,1,2,subject15,12,0
BUBA090,spa,racquet,0,1,3,subject15,12,0
BUBA090,spa,snail,0,0,3,subject15,12,0
BUBA090,spa,volcano,0,1,3,subject15,12,0
BUBA090,spa,seahorse,0,0,3,subject15,12,0
BUBA090,spa,dart,1,1,3,subject15,12,0
BUBA090,spa,canoe,1,1,3,subject15,12,0
BUBA090,spa,wreath,0,0,3,subject15,12,0
BUBA090,spa,beaver,0,0,3,subject15,12,0
BUBA090,spa,harmonica,0,1,3,subject15,12,0
BUBA090,spa,rhinoceros,0,1,4,subject15,12,0
BUBA090,spa,acorn,0,0,4,subject15,12,0
BUBA090,spa,igloo,0,1,4,subject15,12,0
BUBA090,spa,stilts,0,0,4,subject15,12,0
BUBA090,spa,dominos,0,1,4,subject15,12,0
BUBA090,spa,harp,0,1,4,subject15,12,0
BUBA090,spa,hammock,0,1,4,subject15,12,0
BUBA090,spa,knocker,0,0,4,subject15,12,0
BUBA090,spa,pyramid,0,1,5,subject15,12,0
BUBA090,spa,muzzle,0,0,5,subject15,12,0
BUBA090,spa,unicorn,0,1,5,subject15,12,0
BUBA090,spa,funnel,0,0,5,subject15,12,0
BUBA090,spa,accordion,0,1,5,subject15,12,0
BUBA090,spa,noose,0,0,5,subject15,12,0
BUBA090,spa,asparagus,0,1,5,subject15,12,0
BUBA090,spa,compass,0,1,5,subject15,12,0
BUBA090,spa,latch,0,0,6,subject15,12,0
BUBA090,spa,tripod,0,1,6,subject15,12,0
BUBA090,spa,scroll,0,0,6,subject15,12,0
BUBA090,spa,tongs,0,0,6,subject15,12,0
BUBA090,spa,sphinx,0,1,6,subject15,12,0
BUBA090,spa,yoke,0,0,6,subject15,12,0
BUBA090,spa,trellis,0,0,6,subject15,12,0
BUBA090,spa,protractor,0,0,6,subject15,12,0
BUBA090,spa,abacus,0,1,6,subject15,12,0
BUBA091,spa,comb,0,0,1,subject16,16,1
BUBA091,spa,flower,0,1,1,subject16,16,1
BUBA091,spa,helicopter,0,1,2,subject16,16,1
BUBA091,spa,broom,0,0,2,subject16,16,1
BUBA091,spa,octopus,0,0,2,subject16,16,1
BUBA091,spa,mushroom,0,0,2,subject16,16,1
BUBA091,spa,hanger,0,0,2,subject16,16,1
BUBA091,spa,wheelchair,0,0,2,subject16,16,1
BUBA091,spa,camel,0,1,2,subject16,16,1
BUBA091,spa,mask,0,1,2,subject16,16,1
BUBA091,spa,racquet,0,1,3,subject16,16,1
BUBA091,spa,snail,0,0,3,subject16,16,1
BUBA091,spa,volcano,0,1,3,subject16,16,1
BUBA091,spa,seahorse,0,0,3,subject16,16,1
BUBA091,spa,dart,0,1,3,subject16,16,1
BUBA091,spa,canoe,0,1,3,subject16,16,1
BUBA091,spa,wreath,0,0,3,subject16,16,1
BUBA091,spa,beaver,0,0,3,subject16,16,1
BUBA091,spa,harmonica,0,1,3,subject16,16,1
BUBA091,spa,rhinoceros,0,1,4,subject16,16,1
BUBA091,spa,acorn,0,0,4,subject16,16,1
BUBA091,spa,igloo,0,1,4,subject16,16,1
BUBA091,spa,stilts,0,0,4,subject16,16,1
BUBA091,spa,dominos,0,1,4,subject16,16,1
BUBA091,spa,harp,0,1,4,subject16,16,1
BUBA091,spa,hammock,0,1,4,subject16,16,1
BUBA091,spa,knocker,0,0,4,subject16,16,1
BUBA091,spa,pyramid,0,1,5,subject16,16,1
BUBA091,spa,muzzle,0,0,5,subject16,16,1
BUBA091,spa,unicorn,0,1,5,subject16,16,1
BUBA091,spa,funnel,0,0,5,subject16,16,1
BUBA091,spa,accordion,0,1,5,subject16,16,1
BUBA091,spa,noose,0,0,5,subject16,16,1
BUBA091,spa,asparagus,0,1,5,subject16,16,1
BUBA091,spa,compass,0,1,5,subject16,16,1
BUBA091,spa,latch,0,0,6,subject16,16,1
BUBA091,spa,tripod,0,1,6,subject16,16,1
BUBA091,spa,scroll,0,0,6,subject16,16,1
BUBA091,spa,tongs,0,0,6,subject16,16,1
BUBA091,spa,sphinx,0,1,6,subject16,16,1
BUBA091,spa,yoke,0,0,6,subject16,16,1
BUBA091,spa,trellis,0,0,6,subject16,16,1
BUBA091,spa,protractor,0,0,6,subject16,16,1
BUBA091,spa,abacus,0,1,6,subject16,16,1
BUBA092,spa,comb,1,0,1,subject17,16,1
BUBA092,spa,flower,1,1,1,subject17,16,1
BUBA092,spa,helicopter,1,1,2,subject17,16,1
BUBA092,spa,broom,1,0,2,subject17,16,1
BUBA092,spa,octopus,1,0,2,subject17,16,1
BUBA092,spa,mushroom,0,0,2,subject17,16,1
BUBA092,spa,hanger,0,0,2,subject17,16,1
BUBA092,spa,wheelchair,1,0,2,subject17,16,1
BUBA092,spa,camel,1,1,2,subject17,16,1
BUBA092,spa,mask,1,1,2,subject17,16,1
BUBA092,spa,racquet,1,1,3,subject17,16,1
BUBA092,spa,snail,1,0,3,subject17,16,1
BUBA092,spa,volcano,1,1,3,subject17,16,1
BUBA092,spa,seahorse,1,0,3,subject17,16,1
BUBA092,spa,dart,1,1,3,subject17,16,1
BUBA092,spa,canoe,1,1,3,subject17,16,1
BUBA092,spa,wreath,0,0,3,subject17,16,1
BUBA092,spa,beaver,0,0,3,subject17,16,1
BUBA092,spa,harmonica,0,1,3,subject17,16,1
BUBA092,spa,rhinoceros,1,1,4,subject17,16,1
BUBA092,spa,acorn,0,0,4,subject17,16,1
BUBA092,spa,igloo,0,1,4,subject17,16,1
BUBA092,spa,stilts,1,0,4,subject17,16,1
BUBA092,spa,dominos,1,1,4,subject17,16,1
BUBA092,spa,harp,1,1,4,subject17,16,1
BUBA092,spa,hammock,1,1,4,subject17,16,1
BUBA092,spa,knocker,0,0,4,subject17,16,1
BUBA092,spa,pyramid,1,1,5,subject17,16,1
BUBA092,spa,muzzle,1,0,5,subject17,16,1
BUBA092,spa,unicorn,0,1,5,subject17,16,1
BUBA092,spa,funnel,0,0,5,subject17,16,1
BUBA092,spa,accordion,1,1,5,subject17,16,1
BUBA092,spa,noose,1,0,5,subject17,16,1
BUBA092,spa,asparagus,1,1,5,subject17,16,1
BUBA092,spa,compass,0,1,5,subject17,16,1
BUBA092,spa,latch,1,0,6,subject17,16,1
BUBA092,spa,tripod,0,1,6,subject17,16,1
BUBA092,spa,scroll,0,0,6,subject17,16,1
BUBA092,spa,tongs,0,0,6,subject17,16,1
BUBA092,spa,sphinx,0,1,6,subject17,16,1
BUBA092,spa,yoke,0,0,6,subject17,16,1
BUBA092,spa,trellis,0,0,6,subject17,16,1
BUBA092,spa,protractor,0,0,6,subject17,16,1
BUBA092,spa,abacus,0,1,6,subject17,16,1
BUBA094,spa,comb,1,0,1,subject18,5,0
BUBA094,spa,flower,1,1,1,subject18,5,0
BUBA094,spa,helicopter,0,1,2,subject18,5,0
BUBA094,spa,broom,1,0,2,subject18,5,0
BUBA094,spa,octopus,0,0,2,subject18,5,0
BUBA094,spa,mushroom,1,0,2,subject18,5,0
BUBA094,spa,hanger,1,0,2,subject18,5,0
BUBA094,spa,wheelchair,1,0,2,subject18,5,0
BUBA094,spa,camel,1,1,2,subject18,5,0
BUBA094,spa,mask,1,1,2,subject18,5,0
BUBA094,spa,racquet,1,1,3,subject18,5,0
BUBA094,spa,snail,0,0,3,subject18,5,0
BUBA094,spa,volcano,1,1,3,subject18,5,0
BUBA094,spa,seahorse,0,0,3,subject18,5,0
BUBA094,spa,dart,0,1,3,subject18,5,0
BUBA094,spa,canoe,0,1,3,subject18,5,0
BUBA094,spa,wreath,0,0,3,subject18,5,0
BUBA094,spa,beaver,0,0,3,subject18,5,0
BUBA094,spa,harmonica,1,1,3,subject18,5,0
BUBA094,spa,rhinoceros,0,1,4,subject18,5,0
BUBA094,spa,acorn,0,0,4,subject18,5,0
BUBA094,spa,igloo,1,1,4,subject18,5,0
BUBA094,spa,stilts,0,0,4,subject18,5,0
BUBA094,spa,dominos,0,1,4,subject18,5,0
BUBA094,spa,harp,1,1,4,subject18,5,0
BUBA094,spa,hammock,0,1,4,subject18,5,0
BUBA094,spa,knocker,0,0,4,subject18,5,0
BUBA094,spa,pyramid,0,1,5,subject18,5,0
BUBA094,spa,muzzle,0,0,5,subject18,5,0
BUBA094,spa,unicorn,0,1,5,subject18,5,0
BUBA094,spa,funnel,0,0,5,subject18,5,0
BUBA094,spa,accordion,0,1,5,subject18,5,0
BUBA094,spa,noose,0,0,5,subject18,5,0
BUBA094,spa,asparagus,0,1,5,subject18,5,0
BUBA094,spa,compass,0,1,5,subject18,5,0
BUBA094,spa,latch,0,0,6,subject18,5,0
BUBA094,spa,tripod,0,1,6,subject18,5,0
BUBA094,spa,scroll,0,0,6,subject18,5,0
BUBA094,spa,tongs,0,0,6,subject18,5,0
BUBA094,spa,sphinx,0,1,6,subject18,5,0
BUBA094,spa,yoke,0,0,6,subject18,5,0
BUBA094,spa,trellis,0,0,6,subject18,5,0
BUBA094,spa,protractor,0,0,6,subject18,5,0
BUBA094,spa,abacus,0,1,6,subject18,5,0
BUBA096,spa,comb,1,0,1,subject19,21,0
BUBA096,spa,flower,0,1,1,subject19,21,0
BUBA096,spa,helicopter,0,1,2,subject19,21,0
BUBA096,spa,broom,1,0,2,subject19,21,0
BUBA096,spa,octopus,1,0,2,subject19,21,0
BUBA096,spa,mushroom,1,0,2,subject19,21,0
BUBA096,spa,hanger,0,0,2,subject19,21,0
BUBA096,spa,wheelchair,0,0,2,subject19,21,0
BUBA096,spa,camel,0,1,2,subject19,21,0
BUBA096,spa,mask,1,1,2,subject19,21,0
BUBA096,spa,racquet,0,1,3,subject19,21,0
BUBA096,spa,snail,0,0,3,subject19,21,0
BUBA096,spa,volcano,1,1,3,subject19,21,0
BUBA096,spa,seahorse,0,0,3,subject19,21,0
BUBA096,spa,dart,1,1,3,subject19,21,0
BUBA096,spa,canoe,0,1,3,subject19,21,0
BUBA096,spa,wreath,0,0,3,subject19,21,0
BUBA096,spa,beaver,0,0,3,subject19,21,0
BUBA096,spa,harmonica,0,1,3,subject19,21,0
BUBA096,spa,rhinoceros,0,1,4,subject19,21,0
BUBA096,spa,acorn,0,0,4,subject19,21,0
BUBA096,spa,igloo,0,1,4,subject19,21,0
BUBA096,spa,stilts,0,0,4,subject19,21,0
BUBA096,spa,dominos,0,1,4,subject19,21,0
BUBA096,spa,harp,0,1,4,subject19,21,0
BUBA096,spa,hammock,0,1,4,subject19,21,0
BUBA096,spa,knocker,0,0,4,subject19,21,0
BUBA096,spa,pyramid,0,1,5,subject19,21,0
BUBA096,spa,muzzle,0,0,5,subject19,21,0
BUBA096,spa,unicorn,0,1,5,subject19,21,0
BUBA096,spa,funnel,0,0,5,subject19,21,0
BUBA096,spa,accordion,0,1,5,subject19,21,0
BUBA096,spa,noose,0,0,5,subject19,21,0
BUBA096,spa,asparagus,1,1,5,subject19,21,0
BUBA096,spa,compass,0,1,5,subject19,21,0
BUBA096,spa,latch,0,0,6,subject19,21,0
BUBA096,spa,tripod,0,1,6,subject19,21,0
BUBA096,spa,scroll,0,0,6,subject19,21,0
BUBA096,spa,tongs,0,0,6,subject19,21,0
BUBA096,spa,sphinx,0,1,6,subject19,21,0
BUBA096,spa,yoke,0,0,6,subject19,21,0
BUBA096,spa,trellis,0,0,6,subject19,21,0
BUBA096,spa,protractor,0,0,6,subject19,21,0
BUBA096,spa,abacus,0,1,6,subject19,21,0
BUBA097,spa,comb,0,0,1,subject20,5,0
BUBA097,spa,flower,1,1,1,subject20,5,0
BUBA097,spa,helicopter,0,1,2,subject20,5,0
BUBA097,spa,broom,0,0,2,subject20,5,0
BUBA097,spa,octopus,1,0,2,subject20,5,0
BUBA097,spa,mushroom,0,0,2,subject20,5,0
BUBA097,spa,hanger,0,0,2,subject20,5,0
BUBA097,spa,wheelchair,0,0,2,subject20,5,0
BUBA097,spa,camel,0,1,2,subject20,5,0
BUBA097,spa,mask,1,1,2,subject20,5,0
BUBA097,spa,racquet,1,1,3,subject20,5,0
BUBA097,spa,snail,0,0,3,subject20,5,0
BUBA097,spa,volcano,0,1,3,subject20,5,0
BUBA097,spa,seahorse,0,0,3,subject20,5,0
BUBA097,spa,dart,0,1,3,subject20,5,0
BUBA097,spa,canoe,0,1,3,subject20,5,0
BUBA097,spa,wreath,0,0,3,subject20,5,0
BUBA097,spa,beaver,0,0,3,subject20,5,0
BUBA097,spa,harmonica,0,1,3,subject20,5,0
BUBA097,spa,rhinoceros,0,1,4,subject20,5,0
BUBA097,spa,acorn,0,0,4,subject20,5,0
BUBA097,spa,igloo,1,1,4,subject20,5,0
BUBA097,spa,stilts,0,0,4,subject20,5,0
BUBA097,spa,dominos,1,1,4,subject20,5,0
BUBA097,spa,harp,0,1,4,subject20,5,0
BUBA097,spa,hammock,0,1,4,subject20,5,0
BUBA097,spa,knocker,0,0,4,subject20,5,0
BUBA097,spa,pyramid,0,1,5,subject20,5,0
BUBA097,spa,muzzle,0,0,5,subject20,5,0
BUBA097,spa,unicorn,0,1,5,subject20,5,0
BUBA097,spa,funnel,0,0,5,subject20,5,0
BUBA097,spa,accordion,0,1,5,subject20,5,0
BUBA097,spa,noose,0,0,5,subject20,5,0
BUBA097,spa,asparagus,0,1,5,subject20,5,0
BUBA097,spa,compass,0,1,5,subject20,5,0
BUBA097,spa,latch,0,0,6,subject20,5,0
BUBA097,spa,tripod,0,1,6,subject20,5,0
BUBA097,spa,scroll,0,0,6,subject20,5,0
BUBA097,spa,tongs,0,0,6,subject20,5,0
BUBA097,spa,sphinx,0,1,6,subject20,5,0
BUBA097,spa,yoke,0,0,6,subject20,5,0
BUBA097,spa,trellis,0,0,6,subject20,5,0
BUBA097,spa,protractor,0,0,6,subject20,5,0
BUBA097,spa,abacus,0,1,6,subject20,5,0
BUBA098,spa,comb,0,0,1,subject21,8,0
BUBA098,spa,flower,0,1,1,subject21,8,0
BUBA098,spa,helicopter,0,1,2,subject21,8,0
BUBA098,spa,broom,1,0,2,subject21,8,0
BUBA098,spa,octopus,1,0,2,subject21,8,0
BUBA098,spa,mushroom,0,0,2,subject21,8,0
BUBA098,spa,hanger,1,0,2,subject21,8,0
BUBA098,spa,wheelchair,1,0,2,subject21,8,0
BUBA098,spa,camel,1,1,2,subject21,8,0
BUBA098,spa,mask,1,1,2,subject21,8,0
BUBA098,spa,racquet,0,1,3,subject21,8,0
BUBA098,spa,snail,0,0,3,subject21,8,0
BUBA098,spa,volcano,0,1,3,subject21,8,0
BUBA098,spa,seahorse,0,0,3,subject21,8,0
BUBA098,spa,dart,0,1,3,subject21,8,0
BUBA098,spa,canoe,0,1,3,subject21,8,0
BUBA098,spa,wreath,0,0,3,subject21,8,0
BUBA098,spa,beaver,0,0,3,subject21,8,0
BUBA098,spa,harmonica,1,1,3,subject21,8,0
BUBA098,spa,rhinoceros,0,1,4,subject21,8,0
BUBA098,spa,acorn,0,0,4,subject21,8,0
BUBA098,spa,igloo,1,1,4,subject21,8,0
BUBA098,spa,stilts,0,0,4,subject21,8,0
BUBA098,spa,dominos,1,1,4,subject21,8,0
BUBA098,spa,harp,0,1,4,subject21,8,0
BUBA098,spa,hammock,1,1,4,subject21,8,0
BUBA098,spa,knocker,0,0,4,subject21,8,0
BUBA098,spa,pyramid,0,1,5,subject21,8,0
BUBA098,spa,muzzle,0,0,5,subject21,8,0
BUBA098,spa,unicorn,1,1,5,subject21,8,0
BUBA098,spa,funnel,0,0,5,subject21,8,0
BUBA098,spa,accordion,1,1,5,subject21,8,0
BUBA098,spa,noose,1,0,5,subject21,8,0
BUBA098,spa,asparagus,0,1,5,subject21,8,0
BUBA098,spa,compass,0,1,5,subject21,8,0
BUBA098,spa,latch,0,0,6,subject21,8,0
BUBA098,spa,tripod,0,1,6,subject21,8,0
BUBA098,spa,scroll,0,0,6,subject21,8,0
BUBA098,spa,tongs,0,0,6,subject21,8,0
BUBA098,spa,sphinx,0,1,6,subject21,8,0
BUBA098,spa,yoke,0,0,6,subject21,8,0
BUBA098,spa,trellis,0,0,6,subject21,8,0
BUBA098,spa,protractor,0,0,6,subject21,8,0
BUBA098,spa,abacus,0,1,6,subject21,8,0
BUBA102,spa,comb,1,0,1,subject22,8,0
BUBA102,spa,flower,1,1,1,subject22,8,0
BUBA102,spa,helicopter,1,1,2,subject22,8,0
BUBA102,spa,broom,1,0,2,subject22,8,0
BUBA102,spa,octopus,1,0,2,subject22,8,0
BUBA102,spa,mushroom,0,0,2,subject22,8,0
BUBA102,spa,hanger,1,0,2,subject22,8,0
BUBA102,spa,wheelchair,1,0,2,subject22,8,0
BUBA102,spa,camel,1,1,2,subject22,8,0
BUBA102,spa,mask,1,1,2,subject22,8,0
BUBA102,spa,racquet,1,1,3,subject22,8,0
BUBA102,spa,snail,0,0,3,subject22,8,0
BUBA102,spa,volcano,1,1,3,subject22,8,0
BUBA102,spa,seahorse,1,0,3,subject22,8,0
BUBA102,spa,dart,0,1,3,subject22,8,0
BUBA102,spa,canoe,1,1,3,subject22,8,0
BUBA102,spa,wreath,1,0,3,subject22,8,0
BUBA102,spa,beaver,0,0,3,subject22,8,0
BUBA102,spa,harmonica,1,1,3,subject22,8,0
BUBA102,spa,rhinoceros,1,1,4,subject22,8,0
BUBA102,spa,acorn,0,0,4,subject22,8,0
BUBA102,spa,igloo,1,1,4,subject22,8,0
BUBA102,spa,stilts,0,0,4,subject22,8,0
BUBA102,spa,dominos,0,1,4,subject22,8,0
BUBA102,spa,harp,1,1,4,subject22,8,0
BUBA102,spa,hammock,1,1,4,subject22,8,0
BUBA102,spa,knocker,0,0,4,subject22,8,0
BUBA102,spa,pyramid,1,1,5,subject22,8,0
BUBA102,spa,muzzle,0,0,5,subject22,8,0
BUBA102,spa,unicorn,1,1,5,subject22,8,0
BUBA102,spa,funnel,1,0,5,subject22,8,0
BUBA102,spa,accordion,0,1,5,subject22,8,0
BUBA102,spa,noose,1,0,5,subject22,8,0
BUBA102,spa,asparagus,0,1,5,subject22,8,0
BUBA102,spa,compass,0,1,5,subject22,8,0
BUBA102,spa,latch,0,0,6,subject22,8,0
BUBA102,spa,tripod,1,1,6,subject22,8,0
BUBA102,spa,scroll,0,0,6,subject22,8,0
BUBA102,spa,tongs,0,0,6,subject22,8,0
BUBA102,spa,sphinx,0,1,6,subject22,8,0
BUBA102,spa,yoke,0,0,6,subject22,8,0
BUBA102,spa,trellis,0,0,6,subject22,8,0
BUBA102,spa,protractor,0,0,6,subject22,8,0
BUBA102,spa,abacus,1,1,6,subject22,8,0
BUBA108,spa,comb,0,0,1,subject23,3,1
BUBA108,spa,flower,0,1,1,subject23,3,1
BUBA108,spa,helicopter,0,1,2,subject23,3,1
BUBA108,spa,broom,0,0,2,subject23,3,1
BUBA108,spa,octopus,0,0,2,subject23,3,1
BUBA108,spa,mushroom,0,0,2,subject23,3,1
BUBA108,spa,hanger,0,0,2,subject23,3,1
BUBA108,spa,wheelchair,0,0,2,subject23,3,1
BUBA108,spa,camel,0,1,2,subject23,3,1
BUBA108,spa,mask,0,1,2,subject23,3,1
BUBA108,spa,racquet,0,1,3,subject23,3,1
BUBA108,spa,snail,0,0,3,subject23,3,1
BUBA108,spa,volcano,0,1,3,subject23,3,1
BUBA108,spa,seahorse,0,0,3,subject23,3,1
BUBA108,spa,dart,0,1,3,subject23,3,1
BUBA108,spa,canoe,0,1,3,subject23,3,1
BUBA108,spa,wreath,0,0,3,subject23,3,1
BUBA108,spa,beaver,0,0,3,subject23,3,1
BUBA108,spa,harmonica,0,1,3,subject23,3,1
BUBA108,spa,rhinoceros,0,1,4,subject23,3,1
BUBA108,spa,acorn,0,0,4,subject23,3,1
BUBA108,spa,igloo,0,1,4,subject23,3,1
BUBA108,spa,stilts,0,0,4,subject23,3,1
BUBA108,spa,dominos,0,1,4,subject23,3,1
BUBA108,spa,harp,0,1,4,subject23,3,1
BUBA108,spa,hammock,0,1,4,subject23,3,1
BUBA108,spa,knocker,0,0,4,subject23,3,1
BUBA108,spa,pyramid,0,1,5,subject23,3,1
BUBA108,spa,muzzle,0,0,5,subject23,3,1
BUBA108,spa,unicorn,0,1,5,subject23,3,1
BUBA108,spa,funnel,0,0,5,subject23,3,1
BUBA108,spa,accordion,0,1,5,subject23,3,1
BUBA108,spa,noose,0,0,5,subject23,3,1
BUBA108,spa,asparagus,0,1,5,subject23,3,1
BUBA108,spa,compass,0,1,5,subject23,3,1
BUBA108,spa,latch,0,0,6,subject23,3,1
BUBA108,spa,tripod,0,1,6,subject23,3,1
BUBA108,spa,scroll,0,0,6,subject23,3,1
BUBA108,spa,tongs,0,0,6,subject23,3,1
BUBA108,spa,sphinx,0,1,6,subject23,3,1
BUBA108,spa,yoke,0,0,6,subject23,3,1
BUBA108,spa,trellis,0,0,6,subject23,3,1
BUBA108,spa,protractor,0,0,6,subject23,3,1
BUBA108,spa,abacus,0,1,6,subject23,3,1
BUBA109,spa,comb,0,0,1,subject24,3,1
BUBA109,spa,flower,0,1,1,subject24,3,1
BUBA109,spa,helicopter,0,1,2,subject24,3,1
BUBA109,spa,broom,0,0,2,subject24,3,1
BUBA109,spa,octopus,0,0,2,subject24,3,1
BUBA109,spa,mushroom,0,0,2,subject24,3,1
BUBA109,spa,hanger,0,0,2,subject24,3,1
BUBA109,spa,wheelchair,0,0,2,subject24,3,1
BUBA109,spa,camel,0,1,2,subject24,3,1
BUBA109,spa,mask,1,1,2,subject24,3,1
BUBA109,spa,racquet,0,1,3,subject24,3,1
BUBA109,spa,snail,0,0,3,subject24,3,1
BUBA109,spa,volcano,0,1,3,subject24,3,1
BUBA109,spa,seahorse,0,0,3,subject24,3,1
BUBA109,spa,dart,0,1,3,subject24,3,1
BUBA109,spa,canoe,0,1,3,subject24,3,1
BUBA109,spa,wreath,0,0,3,subject24,3,1
BUBA109,spa,beaver,0,0,3,subject24,3,1
BUBA109,spa,harmonica,0,1,3,subject24,3,1
BUBA109,spa,rhinoceros,0,1,4,subject24,3,1
BUBA109,spa,acorn,0,0,4,subject24,3,1
BUBA109,spa,igloo,0,1,4,subject24,3,1
BUBA109,spa,stilts,0,0,4,subject24,3,1
BUBA109,spa,dominos,0,1,4,subject24,3,1
BUBA109,spa,harp,0,1,4,subject24,3,1
BUBA109,spa,hammock,0,1,4,subject24,3,1
BUBA109,spa,knocker,0,0,4,subject24,3,1
BUBA109,spa,pyramid,0,1,5,subject24,3,1
BUBA109,spa,muzzle,0,0,5,subject24,3,1
BUBA109,spa,unicorn,0,1,5,subject24,3,1
BUBA109,spa,funnel,0,0,5,subject24,3,1
BUBA109,spa,accordion,0,1,5,subject24,3,1
BUBA109,spa,noose,0,0,5,subject24,3,1
BUBA109,spa,asparagus,0,1,5,subject24,3,1
BUBA109,spa,compass,0,1,5,subject24,3,1
BUBA109,spa,latch,0,0,6,subject24,3,1
BUBA109,spa,tripod,0,1,6,subject24,3,1
BUBA109,spa,scroll,0,0,6,subject24,3,1
BUBA109,spa,tongs,0,0,6,subject24,3,1
BUBA109,spa,sphinx,0,1,6,subject24,3,1
BUBA109,spa,yoke,0,0,6,subject24,3,1
BUBA109,spa,trellis,0,0,6,subject24,3,1
BUBA109,spa,protractor,0,0,6,subject24,3,1
BUBA109,spa,abacus,0,1,6,subject24,3,1
BUBA112,spa,comb,1,0,1,subject25,8,0
BUBA112,spa,flower,1,1,1,subject25,8,0
BUBA112,spa,helicopter,1,1,2,subject25,8,0
BUBA112,spa,broom,1,0,2,subject25,8,0
BUBA112,spa,octopus,1,0,2,subject25,8,0
BUBA112,spa,mushroom,1,0,2,subject25,8,0
BUBA112,spa,hanger,1,0,2,subject25,8,0
BUBA112,spa,wheelchair,1,0,2,subject25,8,0
BUBA112,spa,camel,1,1,2,subject25,8,0
BUBA112,spa,mask,1,1,2,subject25,8,0
BUBA112,spa,racquet,1,1,3,subject25,8,0
BUBA112,spa,snail,1,0,3,subject25,8,0
BUBA112,spa,volcano,1,1,3,subject25,8,0
BUBA112,spa,seahorse,1,0,3,subject25,8,0
BUBA112,spa,dart,1,1,3,subject25,8,0
BUBA112,spa,canoe,1,1,3,subject25,8,0
BUBA112,spa,wreath,1,0,3,subject25,8,0
BUBA112,spa,beaver,0,0,3,subject25,8,0
BUBA112,spa,harmonica,1,1,3,subject25,8,0
BUBA112,spa,rhinoceros,1,1,4,subject25,8,0
BUBA112,spa,acorn,0,0,4,subject25,8,0
BUBA112,spa,igloo,1,1,4,subject25,8,0
BUBA112,spa,stilts,1,0,4,subject25,8,0
BUBA112,spa,dominos,0,1,4,subject25,8,0
BUBA112,spa,harp,1,1,4,subject25,8,0
BUBA112,spa,hammock,1,1,4,subject25,8,0
BUBA112,spa,knocker,0,0,4,subject25,8,0
BUBA112,spa,pyramid,1,1,5,subject25,8,0
BUBA112,spa,muzzle,1,0,5,subject25,8,0
BUBA112,spa,unicorn,1,1,5,subject25,8,0
BUBA112,spa,funnel,1,0,5,subject25,8,0
BUBA112,spa,accordion,1,1,5,subject25,8,0
BUBA112,spa,noose,0,0,5,subject25,8,0
BUBA112,spa,asparagus,0,1,5,subject25,8,0
BUBA112,spa,compass,0,1,5,subject25,8,0
BUBA112,spa,latch,0,0,6,subject25,8,0
BUBA112,spa,tripod,1,1,6,subject25,8,0
BUBA112,spa,scroll,1,0,6,subject25,8,0
BUBA112,spa,tongs,0,0,6,subject25,8,0
BUBA112,spa,sphinx,0,1,6,subject25,8,0
BUBA112,spa,yoke,0,0,6,subject25,8,0
BUBA112,spa,trellis,0,0,6,subject25,8,0
BUBA112,spa,protractor,0,0,6,subject25,8,0
BUBA112,spa,abacus,1,1,6,subject25,8,0
BUBA113,spa,comb,1,0,1,subject26,5,0
BUBA113,spa,flower,1,1,1,subject26,5,0
BUBA113,spa,helicopter,1,1,2,subject26,5,0
BUBA113,spa,broom,1,0,2,subject26,5,0
BUBA113,spa,octopus,0,0,2,subject26,5,0
BUBA113,spa,mushroom,1,0,2,subject26,5,0
BUBA113,spa,hanger,1,0,2,subject26,5,0
BUBA113,spa,wheelchair,1,0,2,subject26,5,0
BUBA113,spa,camel,1,1,2,subject26,5,0
BUBA113,spa,mask,1,1,2,subject26,5,0
BUBA113,spa,racquet,1,1,3,subject26,5,0
BUBA113,spa,snail,1,0,3,subject26,5,0
BUBA113,spa,volcano,1,1,3,subject26,5,0
BUBA113,spa,seahorse,1,0,3,subject26,5,0
BUBA113,spa,dart,1,1,3,subject26,5,0
BUBA113,spa,canoe,0,1,3,subject26,5,0
BUBA113,spa,wreath,0,0,3,subject26,5,0
BUBA113,spa,beaver,0,0,3,subject26,5,0
BUBA113,spa,harmonica,1,1,3,subject26,5,0
BUBA113,spa,rhinoceros,0,1,4,subject26,5,0
BUBA113,spa,acorn,0,0,4,subject26,5,0
BUBA113,spa,igloo,1,1,4,subject26,5,0
BUBA113,spa,stilts,1,0,4,subject26,5,0
BUBA113,spa,dominos,1,1,4,subject26,5,0
BUBA113,spa,harp,1,1,4,subject26,5,0
BUBA113,spa,hammock,1,1,4,subject26,5,0
BUBA113,spa,knocker,0,0,4,subject26,5,0
BUBA113,spa,pyramid,1,1,5,subject26,5,0
BUBA113,spa,muzzle,0,0,5,subject26,5,0
BUBA113,spa,unicorn,1,1,5,subject26,5,0
BUBA113,spa,funnel,1,0,5,subject26,5,0
BUBA113,spa,accordion,1,1,5,subject26,5,0
BUBA113,spa,noose,0,0,5,subject26,5,0
BUBA113,spa,asparagus,1,1,5,subject26,5,0
BUBA113,spa,compass,0,1,5,subject26,5,0
BUBA113,spa,latch,0,0,6,subject26,5,0
BUBA113,spa,tripod,1,1,6,subject26,5,0
BUBA113,spa,scroll,0,0,6,subject26,5,0
BUBA113,spa,tongs,0,0,6,subject26,5,0
BUBA113,spa,sphinx,0,1,6,subject26,5,0
BUBA113,spa,yoke,0,0,6,subject26,5,0
BUBA113,spa,trellis,0,0,6,subject26,5,0
BUBA113,spa,protractor,0,0,6,subject26,5,0
BUBA113,spa,abacus,0,1,6,subject26,5,0
BUBA120,spa,comb,0,0,1,subject27,9,0
BUBA120,spa,flower,0,1,1,subject27,9,0
BUBA120,spa,helicopter,0,1,2,subject27,9,0
BUBA120,spa,broom,0,0,2,subject27,9,0
BUBA120,spa,octopus,0,0,2,subject27,9,0
BUBA120,spa,mushroom,0,0,2,subject27,9,0
BUBA120,spa,hanger,0,0,2,subject27,9,0
BUBA120,spa,wheelchair,0,0,2,subject27,9,0
BUBA120,spa,camel,0,1,2,subject27,9,0
BUBA120,spa,mask,0,1,2,subject27,9,0
BUBA120,spa,racquet,0,1,3,subject27,9,0
BUBA120,spa,snail,0,0,3,subject27,9,0
BUBA120,spa,volcano,0,1,3,subject27,9,0
BUBA120,spa,seahorse,0,0,3,subject27,9,0
BUBA120,spa,dart,0,1,3,subject27,9,0
BUBA120,spa,canoe,0,1,3,subject27,9,0
BUBA120,spa,wreath,0,0,3,subject27,9,0
BUBA120,spa,beaver,0,0,3,subject27,9,0
BUBA120,spa,harmonica,0,1,3,subject27,9,0
BUBA120,spa,rhinoceros,0,1,4,subject27,9,0
BUBA120,spa,acorn,0,0,4,subject27,9,0
BUBA120,spa,igloo,0,1,4,subject27,9,0
BUBA120,spa,stilts,0,0,4,subject27,9,0
BUBA120,spa,dominos,0,1,4,subject27,9,0
BUBA120,spa,harp,0,1,4,subject27,9,0
BUBA120,spa,hammock,0,1,4,subject27,9,0
BUBA120,spa,knocker,0,0,4,subject27,9,0
BUBA120,spa,pyramid,0,1,5,subject27,9,0
BUBA120,spa,muzzle,0,0,5,subject27,9,0
BUBA120,spa,unicorn,0,1,5,subject27,9,0
BUBA120,spa,funnel,0,0,5,subject27,9,0
BUBA120,spa,accordion,0,1,5,subject27,9,0
BUBA120,spa,noose,0,0,5,subject27,9,0
BUBA120,spa,asparagus,0,1,5,subject27,9,0
BUBA120,spa,compass,0,1,5,subject27,9,0
BUBA120,spa,latch,0,0,6,subject27,9,0
BUBA120,spa,tripod,0,1,6,subject27,9,0
BUBA120,spa,scroll,0,0,6,subject27,9,0
BUBA120,spa,tongs,0,0,6,subject27,9,0
BUBA120,spa,sphinx,0,1,6,subject27,9,0
BUBA120,spa,yoke,0,0,6,subject27,9,0
BUBA120,spa,trellis,0,0,6,subject27,9,0
BUBA120,spa,protractor,0,0,6,subject27,9,0
BUBA120,spa,abacus,0,1,6,subject27,9,0